ticker,commodity,date,open,high,low,close,volume,Adj Close_gold,Adj Close_SI
GC=F,Gold,1/3/2023,1836.199951171875,1839.699951171875,1836.199951171875,1839.699951171875,29,1839.699951,24.059
GC=F,Gold,1/4/2023,1845.5999755859375,1859.0999755859375,1845.5999755859375,1852.800048828125,25,1852.800049,23.792
GC=F,Gold,1/5/2023,1855.199951171875,1855.199951171875,1834.800048828125,1834.800048828125,24,1834.800049,23.257999
GC=F,Gold,1/6/2023,1838.4000244140625,1868.199951171875,1835.300048828125,1864.199951171875,26,1864.199951,23.822001
GC=F,Gold,1/9/2023,1867,1880,1867,1872.699951171875,62,1872.699951,23.712
GC=F,Gold,1/10/2023,1877.800048828125,1878.0999755859375,1871.5999755859375,1871.5999755859375,101,1871.599976,23.507
GC=F,Gold,1/11/2023,1873.0999755859375,1877.800048828125,1873.0999755859375,1874.5999755859375,1236,1874.599976,23.327
GC=F,Gold,1/12/2023,1877.199951171875,1897.4000244140625,1877.199951171875,1895.5,59,1895.5,23.863001
GC=F,Gold,1/13/2023,1899,1920.9000244140625,1898.300048828125,1918.4000244140625,512,1918.400024,24.231001
GC=F,Gold,1/17/2023,1920.0999755859375,1920.0999755859375,1905.199951171875,1907.199951171875,706,1907.199951,23.944
GC=F,Gold,1/18/2023,1911.0999755859375,1911.0999755859375,1903.0999755859375,1904.4000244140625,1027,1904.400024,23.530001
GC=F,Gold,1/19/2023,1922.0999755859375,1931.800048828125,1922.0999755859375,1922.0999755859375,371,1922.099976,23.754
GC=F,Gold,1/20/2023,1922.0999755859375,1928.5,1921.4000244140625,1926.4000244140625,1346,1926.400024,23.83
GC=F,Gold,1/23/2023,1926.5,1927.0999755859375,1915,1927.0999755859375,218,1927.099976,23.452
GC=F,Gold,1/24/2023,1931.800048828125,1936.800048828125,1931.800048828125,1933.9000244140625,201,1933.900024,23.649
GC=F,Gold,1/25/2023,1941.199951171875,1941.199951171875,1939.800048828125,1941.199951171875,7,1941.199951,23.839001
GC=F,Gold,1/26/2023,1936.5999755859375,1937.0999755859375,1927.0999755859375,1929.0999755859375,131,1929.099976,23.93
GC=F,Gold,1/27/2023,1928.5999755859375,1928.5999755859375,1928.5999755859375,1928.5999755859375,150902,1928.599976,23.527
GC=F,Gold,1/30/2023,1928.300048828125,1933.5999755859375,1920.300048828125,1922.9000244140625,27220,1922.900024,23.645
GC=F,Gold,1/31/2023,1923,1930.4000244140625,1900.5999755859375,1929.5,1910,1929.5,23.747999
GC=F,Gold,2/1/2023,1927.199951171875,1955,1922,1927.800048828125,2290,1927.800049,23.521
GC=F,Gold,2/2/2023,1952.300048828125,1959.0999755859375,1911.300048828125,1916.300048828125,748,1916.300049,23.534
GC=F,Gold,2/3/2023,1912.4000244140625,1917,1861.5,1862.9000244140625,992,1862.900024,22.334
GC=F,Gold,2/6/2023,1865.5999755859375,1880,1863.4000244140625,1866.199951171875,424,1866.199951,22.177
GC=F,Gold,2/7/2023,1870,1875.699951171875,1868,1871.699951171875,297,1871.699951,22.117001
GC=F,Gold,2/8/2023,1872.0999755859375,1880.4000244140625,1872.0999755859375,1877.4000244140625,230,1877.400024,22.367001
GC=F,Gold,2/9/2023,1875.300048828125,1884.5999755859375,1859.800048828125,1866.199951171875,223,1866.199951,22.097
GC=F,Gold,2/10/2023,1861.5999755859375,1863.5,1852.4000244140625,1862.800048828125,27,1862.800049,22.034
GC=F,Gold,2/13/2023,1859,1861,1850,1851.9000244140625,569,1851.900024,21.818001
GC=F,Gold,2/14/2023,1854.0999755859375,1862,1846.199951171875,1854,656,1854,21.841999
GC=F,Gold,2/15/2023,1842,1842,1828.199951171875,1834.199951171875,368,1834.199951,21.546
GC=F,Gold,2/16/2023,1838.5999755859375,1843.699951171875,1827.199951171875,1842,222,1842,21.684
GC=F,Gold,2/17/2023,1827.4000244140625,1842.199951171875,1818.4000244140625,1840.4000244140625,35,1840.400024,21.694
GC=F,Gold,2/21/2023,1842.5999755859375,1843,1833,1833,862,1833,21.868999
GC=F,Gold,2/22/2023,1835.699951171875,1836.199951171875,1825.0999755859375,1832,278,1832,21.660999
GC=F,Gold,2/23/2023,1826.4000244140625,1827.5,1818,1818,291,1818,21.299
GC=F,Gold,2/24/2023,1808.800048828125,1808.800048828125,1808.800048828125,1808.800048828125,404,1808.800049,20.806
GC=F,Gold,2/27/2023,1811.5999755859375,1817.5,1808.9000244140625,1817,829,1817,20.67
GC=F,Gold,2/28/2023,1808.0999755859375,1830,1808.0999755859375,1828.9000244140625,618,1828.900024,20.961
GC=F,Gold,3/1/2023,1827.0999755859375,1841.699951171875,1827.0999755859375,1837.699951171875,211,1837.699951,20.959
GC=F,Gold,3/2/2023,1830,1836.300048828125,1830,1833.5,154,1833.5,20.766001
GC=F,Gold,3/3/2023,1837.300048828125,1855.4000244140625,1837.300048828125,1847.699951171875,61,1847.699951,21.093
GC=F,Gold,3/6/2023,1853.300048828125,1853.800048828125,1844.199951171875,1847.9000244140625,5,1847.900024,20.983999
GC=F,Gold,3/7/2023,1840.9000244140625,1840.9000244140625,1813.9000244140625,1813.9000244140625,450,1813.900024,20.054001
GC=F,Gold,3/8/2023,1811.5999755859375,1812.9000244140625,1811.5,1812.699951171875,75,1812.699951,20.004999
GC=F,Gold,3/9/2023,1816.4000244140625,1829.300048828125,1815.5999755859375,1829.300048828125,332,1829.300049,20.025
GC=F,Gold,3/10/2023,1852.300048828125,1868.5,1852,1862,248,1862,20.375
GC=F,Gold,3/13/2023,1890.800048828125,1913.0999755859375,1875.0999755859375,1911.699951171875,503,1911.699951,21.792999
GC=F,Gold,3/14/2023,1912.199951171875,1912.199951171875,1901.0999755859375,1906.199951171875,107,1906.199951,21.929001
GC=F,Gold,3/15/2023,1903.9000244140625,1926.5999755859375,1898.5,1926.5999755859375,564,1926.599976,21.774
GC=F,Gold,3/16/2023,1909.9000244140625,1931.699951171875,1909.9000244140625,1919,394,1919,21.587999
GC=F,Gold,3/17/2023,1946,1985.0999755859375,1946,1969.800048828125,82,1969.800049,22.351
GC=F,Gold,3/20/2023,1988.300048828125,2003.9000244140625,1968.9000244140625,1979.199951171875,389,1979.199951,22.533001
GC=F,Gold,3/21/2023,1973.800048828125,1973.800048828125,1938,1938,47,1938,22.323999
GC=F,Gold,3/22/2023,1946.800048828125,1974,1946.800048828125,1946.800048828125,50,1946.800049,22.674999
GC=F,Gold,3/23/2023,1990.5,1994.5999755859375,1990.5,1993.800048828125,33,1993.800049,23.143999
GC=F,Gold,3/24/2023,1991.699951171875,1995.4000244140625,1982.0999755859375,1982.0999755859375,19,1982.099976,23.247
GC=F,Gold,3/27/2023,1957.199951171875,1957.199951171875,1952.4000244140625,1952.4000244140625,877,1952.400024,23.054001
GC=F,Gold,3/28/2023,1972.4000244140625,1972.4000244140625,1972.4000244140625,1972.4000244140625,21,1972.400024,23.323999
GC=F,Gold,3/29/2023,1966.0999755859375,1966.0999755859375,1966.0999755859375,1966.0999755859375,88563,1966.099976,23.375999
GC=F,Gold,3/30/2023,1965.9000244140625,1984.4000244140625,1954.9000244140625,1980.300048828125,10119,1980.300049,23.902
GC=F,Gold,3/31/2023,1981.300048828125,1986.800048828125,1968,1969,957,1969,24.076
GC=F,Gold,4/3/2023,1968.0999755859375,1991.699951171875,1950,1983.9000244140625,737,1983.900024,23.941
GC=F,Gold,4/4/2023,1984.5999755859375,2027.0999755859375,1979,2022.199951171875,811,2022.199951,25.021999
GC=F,Gold,4/5/2023,2022.0999755859375,2033.800048828125,2013.5999755859375,2020.9000244140625,525,2020.900024,24.962999
GC=F,Gold,4/6/2023,2022.199951171875,2023.300048828125,2005,2011.9000244140625,0,2011.900024,25.025
GC=F,Gold,4/10/2023,2000,2006.5999755859375,1984,1989.0999755859375,652,1989.099976,24.846001
GC=F,Gold,4/11/2023,1991.4000244140625,2006.5,1991.4000244140625,2004.800048828125,68,2004.800049,25.131001
GC=F,Gold,4/12/2023,2005.199951171875,2025.699951171875,2005.199951171875,2010.9000244140625,172,2010.900024,25.403999
GC=F,Gold,4/13/2023,2015.5999755859375,2048.600098,2015.5999755859375,2041.300048828125,1043,2041.300049,25.874001
GC=F,Gold,4/14/2023,2041,2047.800048828125,1995,2002.199951171875,718,2002.199951,25.424
GC=F,Gold,4/17/2023,2002.699951171875,2007.5999755859375,1983.199951171875,1994.199951171875,554,1994.199951,25.052999
GC=F,Gold,4/18/2023,1996.9000244140625,2007.4000244140625,1996.9000244140625,2007.4000244140625,72,2007.400024,25.247999
GC=F,Gold,4/19/2023,2005.699951171875,2006.4000244140625,1969.800048828125,1995.199951171875,61,1995.199951,25.365999
GC=F,Gold,4/20/2023,1998,2007.5999755859375,1998,2007.5999755859375,164,2007.599976,25.368
GC=F,Gold,4/21/2023,1996.199951171875,1996.199951171875,1974.0999755859375,1979.5,132,1979.5,25.052999
GC=F,Gold,4/24/2023,1981.300048828125,1989.800048828125,1977.4000244140625,1989.0999755859375,145,1989.099976,25.306
GC=F,Gold,4/25/2023,1995.699951171875,1999.0999755859375,1982.300048828125,1994,306,1994,24.877001
GC=F,Gold,4/26/2023,1997.800048828125,1998.800048828125,1985.5999755859375,1985.699951171875,615,1985.699951,24.871
GC=F,Gold,4/27/2023,1990.5999755859375,2002.300048828125,1979.9000244140625,1989.9000244140625,355,1989.900024,24.983
GC=F,Gold,4/28/2023,1986.9000244140625,1990.0999755859375,1977.699951171875,1990.0999755859375,152,1990.099976,24.999001
GC=F,Gold,5/1/2023,1980.0999755859375,2005,1976.9000244140625,1983.4000244140625,210,1983.400024,25.009001
GC=F,Gold,5/2/2023,1994.699951171875,2018,1994.699951171875,2014.300048828125,1896,2014.300049,25.403999
GC=F,Gold,5/3/2023,2017.0999755859375,2035.0999755859375,2015.199951171875,2028.5999755859375,1349,2028.599976,25.476
GC=F,Gold,5/4/2023,2045,2072,2040,2048,930,2048,26.035
GC=F,Gold,5/5/2023,2046.4000244140625,2046.4000244140625,2004.300048828125,2017.4000244140625,59,2017.400024,25.743
GC=F,Gold,5/8/2023,2022.5,2026.300048828125,2022.5,2026.300048828125,3,2026.300049,25.636
GC=F,Gold,5/9/2023,2026.5999755859375,2037.300048828125,2025.9000244140625,2036.199951171875,241,2036.199951,25.698
GC=F,Gold,5/10/2023,2032.300048828125,2044.300048828125,2029.5,2030.5,248,2030.5,25.461
GC=F,Gold,5/11/2023,2034.0999755859375,2038.300048828125,2014,2014.699951171875,90,2014.699951,24.254999
GC=F,Gold,5/12/2023,2014.5,2014.5,2014.5,2014.5,115,2014.5,23.992001
GC=F,Gold,5/15/2023,2013.800048828125,2018,2013.800048828125,2018,3,2018,24.127001
GC=F,Gold,5/16/2023,1988.4000244140625,1988.4000244140625,1988.4000244140625,1988.4000244140625,49,1988.400024,23.737
GC=F,Gold,5/17/2023,1983.5999755859375,1983.5999755859375,1980.699951171875,1980.699951171875,13,1980.699951,23.752001
GC=F,Gold,5/18/2023,1956.5,1956.800048828125,1956.5,1956.5,23,1956.5,23.495001
GC=F,Gold,5/19/2023,1960,1978.699951171875,1960,1978.699951171875,106,1978.699951,23.92
GC=F,Gold,5/22/2023,1980.5,1980.5,1974.800048828125,1974.800048828125,8,1974.800049,23.715
GC=F,Gold,5/23/2023,1972.4000244140625,1972.4000244140625,1972.4000244140625,1972.4000244140625,1,1972.400024,23.474001
GC=F,Gold,5/24/2023,1975.4000244140625,1975.4000244140625,1962.800048828125,1962.800048828125,189,1962.800049,23.115
GC=F,Gold,5/25/2023,1943.0999755859375,1943.0999755859375,1943.0999755859375,1943.0999755859375,1,1943.099976,22.785999
GC=F,Gold,5/26/2023,1948.199951171875,1948.4000244140625,1944.0999755859375,1944.0999755859375,166036,1944.099976,23.24
GC=F,Gold,5/30/2023,1942.699951171875,1962.5999755859375,1931,1958,37838,1958,23.125
GC=F,Gold,5/31/2023,1958.199951171875,1973,1953,1963.9000244140625,5959,1963.900024,23.474001
GC=F,Gold,6/1/2023,1963.199951171875,1983,1954.300048828125,1978,750,1978,23.875
GC=F,Gold,6/2/2023,1977.0999755859375,1982.5,1947.4000244140625,1952.4000244140625,356,1952.400024,23.643
GC=F,Gold,6/5/2023,1947.5,1961.9000244140625,1937.800048828125,1958,713,1958,23.534
GC=F,Gold,6/6/2023,1960.800048828125,1965.5,1958.800048828125,1965.5,164,1965.5,23.573999
GC=F,Gold,6/7/2023,1959,1968.4000244140625,1940.699951171875,1942.699951171875,139,1942.699951,23.438999
GC=F,Gold,6/8/2023,1943.199951171875,1969,1943.0999755859375,1963.5999755859375,433,1963.599976,24.264
GC=F,Gold,6/9/2023,1965.0999755859375,1969.800048828125,1960.300048828125,1962.199951171875,49,1962.199951,24.334
GC=F,Gold,6/12/2023,1959.699951171875,1963.5,1951.4000244140625,1955.300048828125,212,1955.300049,23.985001
GC=F,Gold,6/13/2023,1960.5999755859375,1967.5,1940.300048828125,1944.5999755859375,343,1944.599976,23.756001
GC=F,Gold,6/14/2023,1946.199951171875,1958.199951171875,1940.300048828125,1955.300048828125,202,1955.300049,24.044001
GC=F,Gold,6/15/2023,1941.699951171875,1958.800048828125,1926,1957.800048828125,329,1957.800049,23.891001
GC=F,Gold,6/16/2023,1961.4000244140625,1962.9000244140625,1953.5,1958.4000244140625,119,1958.400024,24.076
GC=F,Gold,6/20/2023,1958.5999755859375,1958.5999755859375,1931.300048828125,1935.5,193,1935.5,23.193001
GC=F,Gold,6/21/2023,1935.5999755859375,1936.800048828125,1920,1933.300048828125,557,1933.300049,22.774
GC=F,Gold,6/22/2023,1920,1921,1912.0999755859375,1912.699951171875,237,1912.699951,22.436001
GC=F,Gold,6/23/2023,1918.699951171875,1932.5,1918.699951171875,1919.0999755859375,105,1919.099976,22.327999
GC=F,Gold,6/26/2023,1922.9000244140625,1928.5,1922.5,1923.699951171875,71,1923.699951,22.805
GC=F,Gold,6/27/2023,1927,1929.4000244140625,1914,1914,49,1914,22.938999
GC=F,Gold,6/28/2023,1912.300048828125,1912.300048828125,1912.300048828125,1912.300048828125,628,1912.300049,22.868
GC=F,Gold,6/29/2023,1909.9000244140625,1909.9000244140625,1892.5,1909.199951171875,289,1909.199951,22.591
GC=F,Gold,6/30/2023,1908.5999755859375,1921.0999755859375,1900.5999755859375,1921.0999755859375,445,1921.099976,22.809999
GC=F,Gold,7/3/2023,1917.9000244140625,1929.5,1917.9000244140625,1921.699951171875,41,1921.699951,22.896
GC=F,Gold,7/5/2023,1923.5,1933.9000244140625,1914.699951171875,1919.5999755859375,193,1919.599976,23.197001
GC=F,Gold,7/6/2023,1909.300048828125,1910.199951171875,1903.199951171875,1908.699951171875,81,1908.699951,22.686001
GC=F,Gold,7/7/2023,1913.4000244140625,1934.0999755859375,1913.4000244140625,1926.199951171875,61,1926.199951,23.091999
GC=F,Gold,7/10/2023,1923.5999755859375,1926.0999755859375,1912.300048828125,1925,269,1925,23.150999
GC=F,Gold,7/11/2023,1925,1937,1924.199951171875,1931.300048828125,142,1931.300049,23.086
GC=F,Gold,7/12/2023,1932.300048828125,1958,1932.199951171875,1956.199951171875,132,1956.199951,24.118999
GC=F,Gold,7/13/2023,1961.0999755859375,1961.0999755859375,1953,1959.199951171875,121,1959.199951,24.768
GC=F,Gold,7/14/2023,1958.4000244140625,1960.5999755859375,1952.699951171875,1960.0999755859375,94,1960.099976,25.014
GC=F,Gold,7/17/2023,1954,1956.5,1946.5999755859375,1952.4000244140625,29,1952.400024,24.844
GC=F,Gold,7/18/2023,1968.800048828125,1978.4000244140625,1963.4000244140625,1977.199951171875,83,1977.199951,25.084
GC=F,Gold,7/19/2023,1977,1977.5,1973,1977.5,35,1977.5,25.219
GC=F,Gold,7/20/2023,1973.699951171875,1973.699951171875,1965.5999755859375,1968.300048828125,638,1968.300049,24.805
GC=F,Gold,7/21/2023,1961.800048828125,1964.300048828125,1961.800048828125,1964.300048828125,50,1964.300049,24.698
GC=F,Gold,7/24/2023,1965.300048828125,1965.5,1960.300048828125,1960.300048828125,2,1960.300049,24.436001
GC=F,Gold,7/25/2023,1953,1962.5,1953,1962.0999755859375,19,1962.099976,24.68
GC=F,Gold,7/26/2023,1966.199951171875,1972,1966.199951171875,1968.9000244140625,51,1968.900024,24.825001
GC=F,Gold,7/27/2023,1945.4000244140625,1945.4000244140625,1945.4000244140625,1945.4000244140625,194253,1945.400024,24.236
GC=F,Gold,7/28/2023,1945.5,1962.199951171875,1944.199951171875,1960.4000244140625,23155,1960.400024,24.370001
GC=F,Gold,7/31/2023,1959.199951171875,1971.5999755859375,1950,1970.5,1025,1970.5,24.854
GC=F,Gold,8/1/2023,1964.9000244140625,1965.4000244140625,1940.699951171875,1940.699951171875,688,1940.699951,24.208
GC=F,Gold,8/2/2023,1948.4000244140625,1953.5999755859375,1933.199951171875,1937.4000244140625,652,1937.400024,23.754
GC=F,Gold,8/3/2023,1934.199951171875,1936.5,1928,1932,773,1932,23.586
GC=F,Gold,8/4/2023,1934.9000244140625,1945,1920,1939.5999755859375,290,1939.599976,23.617001
GC=F,Gold,8/7/2023,1941,1941,1929.800048828125,1933.5,376,1933.5,23.142
GC=F,Gold,8/8/2023,1931.699951171875,1933.199951171875,1923,1924.0999755859375,555,1924.099976,22.716999
GC=F,Gold,8/9/2023,1925.4000244140625,1928.800048828125,1913.699951171875,1915.4000244140625,451,1915.400024,22.65
GC=F,Gold,8/10/2023,1921.0999755859375,1927.800048828125,1911.4000244140625,1914.4000244140625,178,1914.400024,22.746
GC=F,Gold,8/11/2023,1913,1916.5999755859375,1911.800048828125,1912.9000244140625,57,1912.900024,22.674
GC=F,Gold,8/14/2023,1909.300048828125,1912.5999755859375,1903.300048828125,1910.5999755859375,46,1910.599976,22.643999
GC=F,Gold,8/15/2023,1906,1907.699951171875,1895,1902.5,73,1902.5,22.594999
GC=F,Gold,8/16/2023,1904.5,1904.5,1890.300048828125,1896.0999755859375,22,1896.099976,22.48
GC=F,Gold,8/17/2023,1893.699951171875,1902.4000244140625,1884,1884.0999755859375,245,1884.099976,22.67
GC=F,Gold,8/18/2023,1891.800048828125,1891.800048828125,1886.0999755859375,1886.0999755859375,19,1886.099976,22.695
GC=F,Gold,8/21/2023,1893.5999755859375,1893.5999755859375,1893.300048828125,1893.300048828125,876,1893.300049,23.304001
GC=F,Gold,8/22/2023,1894.5999755859375,1896.800048828125,1892.800048828125,1896.4000244140625,46,1896.400024,23.42
GC=F,Gold,8/23/2023,1909.5999755859375,1918.5,1909.5999755859375,1918.5,547,1918.5,24.363001
GC=F,Gold,8/24/2023,1920,1920.800048828125,1918.199951171875,1918.199951171875,337,1918.199951,24.211
GC=F,Gold,8/25/2023,1919.800048828125,1919.800048828125,1911.0999755859375,1911.0999755859375,195,1911.099976,24.219999
GC=F,Gold,8/28/2023,1915.5,1921.5,1915.5,1917.9000244140625,99,1917.900024,24.238001
GC=F,Gold,8/29/2023,1917.9000244140625,1936.5,1916.9000244140625,1936.5,1674,1936.5,24.777
GC=F,Gold,8/30/2023,1936,1946.4000244140625,1934.5999755859375,1944.300048828125,396,1944.300049,24.733999
GC=F,Gold,8/31/2023,1944.4000244140625,1944.4000244140625,1938.199951171875,1938.199951171875,491,1938.199951,24.472
GC=F,Gold,9/1/2023,1950,1950,1936.5999755859375,1939.800048828125,167,1939.800049,24.232
GC=F,Gold,9/5/2023,1934.4000244140625,1934.4000244140625,1924.699951171875,1926.199951171875,113,1926.199951,23.558001
GC=F,Gold,9/6/2023,1924.0999755859375,1925.300048828125,1916.300048828125,1918.0999755859375,24,1918.099976,23.205999
GC=F,Gold,9/7/2023,1917.5999755859375,1921.5,1917.5,1917.5,41,1917.5,22.950001
GC=F,Gold,9/8/2023,1924,1924.699951171875,1918.4000244140625,1918.4000244140625,105,1918.400024,22.892
GC=F,Gold,9/11/2023,1923,1928.300048828125,1921.800048828125,1923.300048828125,50,1923.300049,23.103001
GC=F,Gold,9/12/2023,1920.800048828125,1920.800048828125,1911.300048828125,1911.300048828125,365,1911.300049,23.127001
GC=F,Gold,9/13/2023,1910.300048828125,1914.5999755859375,1908.9000244140625,1909.0999755859375,15,1909.099976,22.912001
GC=F,Gold,9/14/2023,1903,1910,1903,1910,169,1910,22.747999
GC=F,Gold,9/15/2023,1923.5,1927.300048828125,1923.5,1923.699951171875,8,1923.699951,23.125999
GC=F,Gold,9/18/2023,1928.199951171875,1931.5,1926.4000244140625,1931.5,19,1931.5,23.232
GC=F,Gold,9/19/2023,1934,1934,1932,1932,6,1932,23.194
GC=F,Gold,9/20/2023,1945.5999755859375,1945.5999755859375,1929.199951171875,1945.5999755859375,119,1945.599976,23.579
GC=F,Gold,9/21/2023,1924,1924,1919.199951171875,1919.199951171875,9,1919.199951,23.444
GC=F,Gold,9/22/2023,1925.4000244140625,1925.4000244140625,1925.4000244140625,1925.4000244140625,1,1925.400024,23.596001
GC=F,Gold,9/25/2023,1916.5999755859375,1916.5999755859375,1916.5999755859375,1916.5999755859375,114,1916.599976,23.145
GC=F,Gold,9/26/2023,1905,1905.0999755859375,1900.4000244140625,1900.4000244140625,161,1900.400024,22.950001
GC=F,Gold,9/27/2023,1871.5999755859375,1871.5999755859375,1871.5999755859375,1871.5999755859375,12251,1871.599976,22.476999
GC=F,Gold,9/28/2023,1875.5,1878.199951171875,1856.699951171875,1860.4000244140625,4654,1860.400024,22.514999
GC=F,Gold,9/29/2023,1864.300048828125,1872.300048828125,1846,1848.0999755859375,1605,1848.099976,22.236
GC=F,Gold,10/2/2023,1844.0999755859375,1845.9000244140625,1826.699951171875,1830,2309,1830,21.218
GC=F,Gold,10/3/2023,1825,1830.9000244140625,1816.800048828125,1824.5999755859375,310,1824.599976,21.177999
GC=F,Gold,10/4/2023,1821.800048828125,1828.199951171875,1816.4000244140625,1818.5,357,1818.5,20.955999
GC=F,Gold,10/5/2023,1826.300048828125,1826.300048828125,1815.5999755859375,1816.5999755859375,393,1816.599976,20.848
GC=F,Gold,10/6/2023,1819,1831.800048828125,1809.4000244140625,1830.199951171875,390,1830.199951,21.540001
GC=F,Gold,10/9/2023,1842.5,1861.5,1842.5,1849.5,232,1849.5,21.740999
GC=F,Gold,10/10/2023,1857,1861.4000244140625,1852.800048828125,1861,236,1861,21.775999
GC=F,Gold,10/11/2023,1869.5,1874.5999755859375,1869.0999755859375,1872.800048828125,65,1872.800049,21.957001
GC=F,Gold,10/12/2023,1874.699951171875,1881.199951171875,1867,1869.300048828125,46,1869.300049,21.792
GC=F,Gold,10/13/2023,1877.5,1930.0999755859375,1877.5,1927.4000244140625,43,1927.400024,22.726999
GC=F,Gold,10/16/2023,1910.4000244140625,1921.0999755859375,1910.300048828125,1921.0999755859375,53,1921.099976,22.610001
GC=F,Gold,10/17/2023,1914.300048828125,1925.800048828125,1914.300048828125,1922.699951171875,103,1922.699951,22.863001
GC=F,Gold,10/18/2023,1935,1957.9000244140625,1935,1955.300048828125,67,1955.300049,22.944
GC=F,Gold,10/19/2023,1950.0999755859375,1977.699951171875,1945.699951171875,1968.4000244140625,1945,1968.400024,22.886999
GC=F,Gold,10/20/2023,1981.0999755859375,1988.5999755859375,1980.4000244140625,1982.5,1945,1982.5,23.351
SI=F,Silver,1/3/2023,24.454999923706055,24.530000686645508,23.979999542236328,24.05900001525879,148,1839.699951,24.059
SI=F,Silver,1/4/2023,24.084999084472656,24.104999542236328,23.75,23.79199981689453,24,1852.800049,23.792
SI=F,Silver,1/5/2023,23.5,23.5,23.145000457763672,23.257999420166016,8,1834.800049,23.257999
SI=F,Silver,1/6/2023,23.295000076293945,23.82200050354004,23.290000915527344,23.82200050354004,6,1864.199951,23.822001
SI=F,Silver,1/9/2023,23.711999893188477,23.711999893188477,23.711999893188477,23.711999893188477,2,1872.699951,23.712
SI=F,Silver,1/10/2023,23.43000030517578,23.506999969482425,23.424999237060547,23.506999969482425,4,1871.599976,23.507
SI=F,Silver,1/11/2023,23.549999237060547,23.80500030517578,23.184999465942383,23.32699966430664,9,1874.599976,23.327
SI=F,Silver,1/12/2023,23.80500030517578,23.863000869750977,23.80500030517578,23.863000869750977,33,1895.5,23.863001
SI=F,Silver,1/13/2023,23.88999938964844,24.231000900268555,23.5,24.231000900268555,30,1918.400024,24.231001
SI=F,Silver,1/17/2023,24.309999465942383,24.315000534057617,23.944000244140625,23.944000244140625,118,1907.199951,23.944
SI=F,Silver,1/18/2023,24.25,24.260000228881836,23.530000686645508,23.530000686645508,19,1904.400024,23.530001
SI=F,Silver,1/19/2023,23.753999710083008,23.753999710083008,23.753999710083008,23.753999710083008,18,1922.099976,23.754
SI=F,Silver,1/20/2023,23.829999923706055,23.829999923706055,23.829999923706055,23.829999923706055,0,1926.400024,23.83
SI=F,Silver,1/23/2023,23.079999923706055,23.45199966430664,22.850000381469727,23.45199966430664,8,1927.099976,23.452
SI=F,Silver,1/24/2023,23.434999465942383,23.704999923706055,23.25,23.64900016784668,7,1933.900024,23.649
SI=F,Silver,1/25/2023,23.684999465942383,23.94499969482422,23.62000084,23.839000701904297,21,1941.199951,23.839001
SI=F,Silver,1/26/2023,23.99500084,24.184999465942383,23.780000686645508,23.93000030517578,11,1929.099976,23.93
SI=F,Silver,1/27/2023,23.527000427246097,23.527000427246097,23.527000427246097,23.527000427246097,184,1928.599976,23.527
SI=F,Silver,1/30/2023,23.69499969482422,23.790000915527344,23.645000457763672,23.645000457763672,45,1922.900024,23.645
SI=F,Silver,1/31/2023,23.55500030517578,23.74799919128418,23.05500030517578,23.74799919128418,28,1929.5,23.747999
SI=F,Silver,2/1/2023,23.520000457763672,23.834999084472656,23.510000228881836,23.520999908447266,12,1927.800049,23.521
SI=F,Silver,2/2/2023,24.19499969482422,24.459999084472656,23.534000396728516,23.534000396728516,97,1916.300049,23.534
SI=F,Silver,2/3/2023,22.5,22.5,22.333999633789063,22.333999633789063,4,1862.900024,22.334
SI=F,Silver,2/6/2023,22.23500061035156,22.239999771118164,22.177000045776367,22.177000045776367,542,1866.199951,22.177
SI=F,Silver,2/7/2023,22.117000579833984,22.117000579833984,22.117000579833984,22.117000579833984,0,1871.699951,22.117001
SI=F,Silver,2/8/2023,22.165000915527344,22.367000579833984,22.165000915527344,22.367000579833984,9,1877.400024,22.367001
SI=F,Silver,2/9/2023,22.097000122070313,22.097000122070313,21.94499969482422,22.097000122070313,21,1866.199951,22.097
SI=F,Silver,2/10/2023,22.11000061035156,22.11000061035156,21.989999771118164,22.034000396728516,25,1862.800049,22.034
SI=F,Silver,2/13/2023,21.780000686645508,21.975000381469727,21.780000686645508,21.81800079345703,54,1851.900024,21.818001
SI=F,Silver,2/14/2023,21.989999771118164,21.989999771118164,21.84199905395508,21.84199905395508,4,1854,21.841999
SI=F,Silver,2/15/2023,21.84000015258789,21.844999313354492,21.54599952697754,21.54599952697754,11,1834.199951,21.546
SI=F,Silver,2/16/2023,21.625,21.684999465942383,21.545000076293945,21.68400001525879,26,1842,21.684
SI=F,Silver,2/17/2023,21.69499969482422,21.725000381469727,21.694000244140625,21.694000244140625,4,1840.400024,21.694
SI=F,Silver,2/21/2023,21.969999313354492,21.969999313354492,21.854999542236328,21.868999481201172,8,1833,21.868999
SI=F,Silver,2/22/2023,21.87999916,21.885000228881836,21.660999298095703,21.660999298095703,6,1832,21.660999
SI=F,Silver,2/23/2023,21.510000228881836,21.56999969482422,21.298999786376953,21.298999786376953,25,1818,21.299
SI=F,Silver,2/24/2023,21.329999923706055,21.329999923706055,20.805999755859375,20.805999755859375,53878,1808.800049,20.806
SI=F,Silver,2/27/2023,20.75,20.81999969482422,20.51499938964844,20.670000076293945,7500,1817,20.67
SI=F,Silver,2/28/2023,20.63999938964844,21.010000228881836,20.475000381469727,20.961000442504883,513,1828.900024,20.961
SI=F,Silver,3/1/2023,20.87999916,21.149999618530273,20.87999916,20.958999633789063,577,1837.699951,20.959
SI=F,Silver,3/2/2023,20.915000915527344,20.915000915527344,20.73500061035156,20.766000747680664,109,1833.5,20.766001
SI=F,Silver,3/3/2023,21,21.219999313354492,20.924999237060547,21.093000411987305,172,1847.699951,21.093
SI=F,Silver,3/6/2023,21.174999237060547,21.219999313354492,20.979999542236328,20.983999252319336,120,1847.900024,20.983999
SI=F,Silver,3/7/2023,20.98500061035156,20.98500061035156,19.989999771118164,20.054000854492188,57,1813.900024,20.054001
SI=F,Silver,3/8/2023,20.03499984741211,20.13999938964844,19.829999923706055,20.00499916,82,1812.699951,20.004999
SI=F,Silver,3/9/2023,20.010000228881836,20.030000686645508,20.010000228881836,20.024999618530273,7,1829.300049,20.025
SI=F,Silver,3/10/2023,20.375,20.375,20.375,20.375,48,1862,20.375
SI=F,Silver,3/13/2023,20.690000534057617,21.792999267578125,20.690000534057617,21.792999267578125,15,1911.699951,21.792999
SI=F,Silver,3/14/2023,21.510000228881836,21.929000854492188,21.5,21.929000854492188,60,1906.199951,21.929001
SI=F,Silver,3/15/2023,21.600000381469727,22.079999923706055,21.600000381469727,21.77400016784668,15,1926.599976,21.774
SI=F,Silver,3/16/2023,21.854999542236328,21.86000061035156,21.579999923706055,21.58799934387207,53,1919,21.587999
SI=F,Silver,3/17/2023,21.75,22.35099983215332,21.75,22.35099983215332,58,1969.800049,22.351
SI=F,Silver,3/20/2023,22.62999916,22.719999313354492,22.415000915527344,22.53300094604492,9,1979.199951,22.533001
SI=F,Silver,3/21/2023,22.56999969482422,22.600000381469727,22.204999923706055,22.323999404907227,58,1938,22.323999
SI=F,Silver,3/22/2023,22.68000030517578,23.065000534057617,22.649999618530273,22.674999237060547,22,1946.800049,22.674999
SI=F,Silver,3/23/2023,23.143999099731445,23.143999099731445,23.143999099731445,23.143999099731445,0,1993.800049,23.143999
SI=F,Silver,3/24/2023,23.246999740600582,23.246999740600582,23.246999740600582,23.246999740600582,15,1982.099976,23.247
SI=F,Silver,3/27/2023,23.054000854492188,23.054000854492188,23.054000854492188,23.054000854492188,0,1952.400024,23.054001
SI=F,Silver,3/28/2023,23.094999313354492,23.323999404907227,23.094999313354492,23.323999404907227,36,1972.400024,23.323999
SI=F,Silver,3/29/2023,23.375999450683594,23.375999450683594,23.375999450683594,23.375999450683594,188,1966.099976,23.375999
SI=F,Silver,3/30/2023,23.98500061035156,23.98500061035156,23.604999542236328,23.902000427246097,93,1980.300049,23.902
SI=F,Silver,3/31/2023,23.87000084,24.165000915527344,23.87000084,24.076000213623047,34,1969,24.076
SI=F,Silver,4/3/2023,23.725000381469727,24.06999969482422,23.69499969482422,23.94099998474121,26,1983.900024,23.941
SI=F,Silver,4/4/2023,24.415000915527344,25.084999084472656,24.415000915527344,25.02199935913086,24,2022.199951,25.021999
SI=F,Silver,4/5/2023,25.114999771118164,25.145000457763672,24.790000915527344,24.96299934387207,74,2020.900024,24.962999
SI=F,Silver,4/6/2023,24.670000076293945,25.030000686645508,24.670000076293945,25.024999618530273,0,2011.900024,25.025
SI=F,Silver,4/10/2023,24.850000381469727,24.850000381469727,24.84600067138672,24.84600067138672,8,1989.099976,24.846001
SI=F,Silver,4/11/2023,24.959999084472656,25.15999984741211,24.959999084472656,25.131000518798828,16,2004.800049,25.131001
SI=F,Silver,4/12/2023,25.165000915527344,25.584999084472656,25.165000915527344,25.40399932861328,14,2010.900024,25.403999
SI=F,Silver,4/13/2023,25.540000915527344,25.950000762939453,25.540000915527344,25.874000549316406,12,2041.300049,25.874001
SI=F,Silver,4/14/2023,25.799999237060547,25.899999618530273,25.34000015258789,25.423999786376953,28,2002.199951,25.424
SI=F,Silver,4/17/2023,25.05299949645996,25.05299949645996,25.05299949645996,25.05299949645996,0,1994.199951,25.052999
SI=F,Silver,4/18/2023,25.18000030517578,25.299999237060547,25.15999984741211,25.24799919128418,44,2007.400024,25.247999
SI=F,Silver,4/19/2023,24.80500030517578,25.36599922180176,24.80500030517578,25.36599922180176,33,1995.199951,25.365999
SI=F,Silver,4/20/2023,25.229999542236328,25.368000030517575,25.225000381469727,25.368000030517575,2,2007.599976,25.368
SI=F,Silver,4/21/2023,25.165000915527344,25.18000030517578,25.05299949645996,25.05299949645996,19,1979.5,25.052999
SI=F,Silver,4/24/2023,25.049999237060547,25.305999755859375,25.024999618530273,25.305999755859375,2,1989.099976,25.306
SI=F,Silver,4/25/2023,25.19499969482422,25.19499969482422,24.75,24.87700080871582,4,1994,24.877001
SI=F,Silver,4/26/2023,25.12999916,25.12999916,24.871000289916992,24.871000289916992,64251,1985.699951,24.871
SI=F,Silver,4/27/2023,24.975000381469727,25.209999084472656,24.565000534057617,24.982999801635746,8978,1989.900024,24.983
SI=F,Silver,4/28/2023,24.954999923706055,25.11000061035156,24.78499984741211,24.999000549316406,1039,1990.099976,24.999001
SI=F,Silver,5/1/2023,25.06999969482422,25.959999084472656,25.00900077819824,25.00900077819824,452,1983.400024,25.009001
SI=F,Silver,5/2/2023,24.73500061035156,25.520000457763672,24.600000381469727,25.40399932861328,127,2014.300049,25.403999
SI=F,Silver,5/3/2023,25.424999237060547,25.594999313354492,25.190000534057617,25.47599983215332,256,2028.599976,25.476
SI=F,Silver,5/4/2023,25.75499916,26.079999923706055,25.579999923706055,26.03499984741211,110,2048,26.035
SI=F,Silver,5/5/2023,26.200000762939453,26.200000762939453,25.26499938964844,25.743000030517575,113,2017.400024,25.743
SI=F,Silver,5/8/2023,25.719999313354492,25.719999313354492,25.63599967956543,25.63599967956543,175,2026.300049,25.636
SI=F,Silver,5/9/2023,25.5,25.71500015258789,25.44499969482422,25.697999954223633,130,2036.199951,25.698
SI=F,Silver,5/10/2023,25.579999923706055,25.975000381469727,25.37000084,25.461000442504883,92,2030.5,25.461
SI=F,Silver,5/11/2023,25.18000030517578,25.21500015258789,24.170000076293945,24.25499916,298,2014.699951,24.254999
SI=F,Silver,5/12/2023,23.780000686645508,24.209999084472656,23.780000686645508,23.992000579833984,26,2014.5,23.992001
SI=F,Silver,5/15/2023,24.065000534057617,24.13999938964844,23.915000915527344,24.12700080871582,96,2018,24.127001
SI=F,Silver,5/16/2023,23.90999984741211,24.024999618530273,23.73699951171875,23.73699951171875,9,1988.400024,23.737
SI=F,Silver,5/17/2023,23.579999923706055,23.815000534057617,23.579999923706055,23.75200080871582,20,1980.699951,23.752001
SI=F,Silver,5/18/2023,23.46500015258789,23.579999923706055,23.375,23.49500084,123,1956.5,23.495001
SI=F,Silver,5/19/2023,23.920000076293945,23.950000762939453,23.920000076293945,23.920000076293945,64,1978.699951,23.92
SI=F,Silver,5/22/2023,23.674999237060547,23.71500015258789,23.674999237060547,23.71500015258789,27,1974.800049,23.715
SI=F,Silver,5/23/2023,23.5,23.62999916,23.149999618530273,23.474000930786133,176,1972.400024,23.474001
SI=F,Silver,5/24/2023,23.434999465942383,23.479999542236328,23.065000534057617,23.114999771118164,13,1962.800049,23.115
SI=F,Silver,5/25/2023,22.87000084,22.98500061035156,22.785999298095703,22.785999298095703,23,1943.099976,22.785999
SI=F,Silver,5/26/2023,23.12999916,23.239999771118164,23.114999771118164,23.239999771118164,282,1944.099976,23.24
SI=F,Silver,5/30/2023,23.28499984741211,23.37000084,22.93000030517578,23.125,687,1958,23.125
SI=F,Silver,5/31/2023,23.329999923706055,23.579999923706055,23.329999923706055,23.474000930786133,13,1963.900024,23.474001
SI=F,Silver,6/1/2023,23.875,23.875,23.875,23.875,92,1978,23.875
SI=F,Silver,6/2/2023,23.84000015258789,23.84000015258789,23.64299964904785,23.64299964904785,6,1952.400024,23.643
SI=F,Silver,6/5/2023,23.534000396728516,23.534000396728516,23.534000396728516,23.534000396728516,0,1958,23.534
SI=F,Silver,6/6/2023,23.573999404907227,23.573999404907227,23.573999404907227,23.573999404907227,62,1965.5,23.573999
SI=F,Silver,6/7/2023,23.43899917602539,23.43899917602539,23.43899917602539,23.43899917602539,0,1942.699951,23.438999
SI=F,Silver,6/8/2023,23.520000457763672,24.263999938964844,23.520000457763672,24.263999938964844,4,1963.599976,24.264
SI=F,Silver,6/9/2023,24.38999938964844,24.38999938964844,24.333999633789063,24.333999633789063,3,1962.199951,24.334
SI=F,Silver,6/12/2023,24.28499984741211,24.28499984741211,23.98500061035156,23.98500061035156,1,1955.300049,23.985001
SI=F,Silver,6/13/2023,23.756000518798828,23.756000518798828,23.756000518798828,23.756000518798828,0,1944.599976,23.756001
SI=F,Silver,6/14/2023,24.04400062561035,24.04400062561035,24.04400062561035,24.04400062561035,0,1955.300049,24.044001
SI=F,Silver,6/15/2023,23.891000747680664,23.891000747680664,23.891000747680664,23.891000747680664,1,1957.800049,23.891001
SI=F,Silver,6/16/2023,24.076000213623047,24.076000213623047,24.076000213623047,24.076000213623047,0,1958.400024,24.076
SI=F,Silver,6/20/2023,23.19300079345703,23.19300079345703,23.19300079345703,23.19300079345703,0,1935.5,23.193001
SI=F,Silver,6/21/2023,22.77400016784668,22.77400016784668,22.77400016784668,22.77400016784668,0,1933.300049,22.774
SI=F,Silver,6/22/2023,22.43600082397461,22.43600082397461,22.43600082397461,22.43600082397461,3,1912.699951,22.436001
SI=F,Silver,6/23/2023,22.32799911499023,22.32799911499023,22.32799911499023,22.32799911499023,0,1919.099976,22.327999
SI=F,Silver,6/26/2023,22.80500030517578,22.850000381469727,22.80500030517578,22.80500030517578,6,1923.699951,22.805
SI=F,Silver,6/27/2023,22.93899917602539,22.93899917602539,22.93899917602539,22.93899917602539,1,1914,22.938999
SI=F,Silver,6/28/2023,22.864999771118164,22.868000030517575,22.864999771118164,22.868000030517575,34711,1912.300049,22.868
SI=F,Silver,6/29/2023,22.74500084,22.905000686645508,22.299999237060547,22.590999603271484,6994,1909.199951,22.591
SI=F,Silver,6/30/2023,22.530000686645508,22.809999465942383,22.344999313354492,22.809999465942383,544,1921.099976,22.809999
SI=F,Silver,7/3/2023,22.76499938964844,23.00499916,22.704999923706055,22.895999908447266,305,1921.699951,22.896
SI=F,Silver,7/5/2023,22.920000076293945,23.315000534057617,22.920000076293945,23.19700050354004,236,1919.599976,23.197001
SI=F,Silver,7/6/2023,23.155000686645508,23.239999771118164,22.68600082397461,22.68600082397461,81,1908.699951,22.686001
SI=F,Silver,7/7/2023,22.86000061035156,23.11000061035156,22.86000061035156,23.09199905395508,44,1926.199951,23.091999
SI=F,Silver,7/10/2023,23.049999237060547,23.150999069213867,22.760000228881836,23.150999069213867,126,1925,23.150999
SI=F,Silver,7/11/2023,23.225000381469727,23.30500030517578,23.086000442504883,23.086000442504883,371,1931.300049,23.086
SI=F,Silver,7/12/2023,23.13999938964844,24.118999481201172,23.13999938964844,24.118999481201172,145,1956.199951,24.118999
SI=F,Silver,7/13/2023,24.299999237060547,24.815000534057617,24.299999237060547,24.76799964904785,138,1959.199951,24.768
SI=F,Silver,7/14/2023,24.90999984741211,25.013999938964844,24.799999237060547,25.013999938964844,54,1960.099976,25.014
SI=F,Silver,7/17/2023,24.920000076293945,24.920000076293945,24.84000015258789,24.84399986,16,1952.400024,24.844
SI=F,Silver,7/18/2023,24.96500015258789,25.100000381469727,24.96500015258789,25.083999633789063,657,1977.199951,25.084
SI=F,Silver,7/19/2023,25.25,25.25,25.045000076293945,25.21899986,7,1977.5,25.219
SI=F,Silver,7/20/2023,25.280000686645508,25.280000686645508,24.80500030517578,24.80500030517578,215,1968.300049,24.805
SI=F,Silver,7/21/2023,24.697999954223633,24.697999954223633,24.697999954223633,24.697999954223633,0,1964.300049,24.698
SI=F,Silver,7/24/2023,24.43600082397461,24.43600082397461,24.43600082397461,24.43600082397461,10,1960.300049,24.436001
SI=F,Silver,7/25/2023,24.545000076293945,24.73500061035156,24.545000076293945,24.68000030517578,65,1962.099976,24.68
SI=F,Silver,7/26/2023,24.604999542236328,24.825000762939453,24.604999542236328,24.825000762939453,15,1968.900024,24.825001
SI=F,Silver,7/27/2023,24.236000061035156,24.236000061035156,24.236000061035156,24.236000061035156,96,1945.400024,24.236
SI=F,Silver,7/28/2023,24.229999542236328,24.37000084,24.21500015258789,24.37000084,78,1960.400024,24.370001
SI=F,Silver,7/31/2023,24.209999084472656,24.854000091552734,24.209999084472656,24.854000091552734,169,1970.5,24.854
SI=F,Silver,8/1/2023,24.579999923706055,24.579999923706055,24.184999465942383,24.20800018310547,11,1940.699951,24.208
SI=F,Silver,8/2/2023,24.149999618530273,24.149999618530273,23.753999710083008,23.753999710083008,8,1937.400024,23.754
SI=F,Silver,8/3/2023,23.584999084472656,23.61000061035156,23.43000030517578,23.586000442504883,56,1932,23.586
SI=F,Silver,8/4/2023,23.600000381469727,23.625,23.375,23.617000579833984,62,1939.599976,23.617001
SI=F,Silver,8/7/2023,23.475000381469727,23.475000381469727,23.06999969482422,23.142000198364254,50,1933.5,23.142
SI=F,Silver,8/8/2023,22.959999084472656,22.96500015258789,22.71699905395508,22.71699905395508,5,1924.099976,22.716999
SI=F,Silver,8/9/2023,22.649999618530273,22.649999618530273,22.649999618530273,22.649999618530273,5,1915.400024,22.65
SI=F,Silver,8/10/2023,22.746000289916992,22.746000289916992,22.746000289916992,22.746000289916992,5,1914.400024,22.746
SI=F,Silver,8/11/2023,22.673999786376953,22.673999786376953,22.673999786376953,22.673999786376953,5,1912.900024,22.674
SI=F,Silver,8/14/2023,22.405000686645508,22.643999099731445,22.405000686645508,22.643999099731445,21,1910.599976,22.643999
SI=F,Silver,8/15/2023,22.454999923706055,22.594999313354492,22.454999923706055,22.594999313354492,11,1902.5,22.594999
SI=F,Silver,8/16/2023,22.655000686645508,22.655000686645508,22.479999542236328,22.479999542236328,7,1896.099976,22.48
SI=F,Silver,8/17/2023,22.600000381469727,22.954999923706055,22.600000381469727,22.670000076293945,27,1884.099976,22.67
SI=F,Silver,8/18/2023,22.69499969482422,22.69499969482422,22.69499969482422,22.69499969482422,0,1886.099976,22.695
SI=F,Silver,8/21/2023,22.78499984741211,23.304000854492188,22.78499984741211,23.304000854492188,3,1893.300049,23.304001
SI=F,Silver,8/22/2023,23.344999313354492,23.420000076293945,23.344999313354492,23.420000076293945,2,1896.400024,23.42
SI=F,Silver,8/23/2023,24.363000869750977,24.363000869750977,24.363000869750977,24.363000869750977,2,1918.5,24.363001
SI=F,Silver,8/24/2023,24.28499984741211,24.309999465942383,24.211000442504883,24.211000442504883,6,1918.199951,24.211
SI=F,Silver,8/25/2023,24.079999923706055,24.219999313354492,24.079999923706055,24.219999313354492,11,1911.099976,24.219999
SI=F,Silver,8/28/2023,24.238000869750977,24.238000869750977,24.238000869750977,24.238000869750977,11,1917.900024,24.238001
SI=F,Silver,8/29/2023,24.777000427246097,24.777000427246097,24.777000427246097,24.777000427246097,52924,1936.5,24.777
SI=F,Silver,8/30/2023,24.780000686645508,25.059999465942383,24.56999969482422,24.733999252319336,7105,1944.300049,24.733999
SI=F,Silver,8/31/2023,24.665000915527344,24.700000762939453,24.450000762939453,24.472000122070312,738,1938.199951,24.472
SI=F,Silver,9/1/2023,24.489999771118164,24.84000015258789,24.204999923706055,24.23200035095215,229,1939.800049,24.232
SI=F,Silver,9/5/2023,24.204999923706055,24.325000762939453,23.53499984741211,23.558000564575195,150,1926.199951,23.558001
SI=F,Silver,9/6/2023,23.51499938964844,23.62000084,23.135000228881836,23.20599937438965,357,1918.099976,23.205999
SI=F,Silver,9/7/2023,23.09000015258789,23.125,22.905000686645508,22.950000762939453,97,1917.5,22.950001
SI=F,Silver,9/8/2023,23.104999542236328,23.145000457763672,22.892000198364254,22.892000198364254,28,1918.400024,22.892
SI=F,Silver,9/11/2023,22.924999237060547,23.13999938964844,22.924999237060547,23.10300064086914,138,1923.300049,23.103001
SI=F,Silver,9/12/2023,22.94499969482422,23.12700080871582,22.93000030517578,23.12700080871582,59,1911.300049,23.127001
SI=F,Silver,9/13/2023,22.825000762939453,22.915000915527344,22.81999969482422,22.91200065612793,10,1909.099976,22.912001
SI=F,Silver,9/14/2023,22.614999771118164,22.74799919128418,22.579999923706055,22.74799919128418,42,1910,22.747999
SI=F,Silver,9/15/2023,22.709999084472656,23.184999465942383,22.709999084472656,23.125999450683594,34,1923.699951,23.125999
SI=F,Silver,9/18/2023,23.23200035095215,23.23200035095215,23.23200035095215,23.23200035095215,8,1931.5,23.232
SI=F,Silver,9/19/2023,23.194000244140625,23.194000244140625,23.194000244140625,23.194000244140625,0,1932,23.194
SI=F,Silver,9/20/2023,23.350000381469727,23.57900047302246,23.350000381469727,23.57900047302246,1,1945.599976,23.579
SI=F,Silver,9/21/2023,23.030000686645508,23.444000244140625,23.030000686645508,23.444000244140625,64,1919.199951,23.444
SI=F,Silver,9/22/2023,23.700000762939453,23.700000762939453,23.59600067138672,23.59600067138672,28,1925.400024,23.596001
SI=F,Silver,9/25/2023,23.59000015258789,23.61000061035156,23.145000457763672,23.145000457763672,66,1916.599976,23.145
SI=F,Silver,9/26/2023,22.950000762939453,22.950000762939453,22.950000762939453,22.950000762939453,1,1900.400024,22.950001
SI=F,Silver,9/27/2023,22.47699928283691,22.47699928283691,22.47699928283691,22.47699928283691,421,1871.599976,22.476999
SI=F,Silver,9/28/2023,22.549999237060547,22.614999771118164,22.399999618530273,22.51499938964844,120,1860.400024,22.514999
SI=F,Silver,9/29/2023,22.774999618530273,23.459999084472656,22.236000061035156,22.236000061035156,120,1848.099976,22.236
SI=F,Silver,10/2/2023,22.165000915527344,22.174999237060547,21.218000411987305,21.218000411987305,131,1830,21.218
SI=F,Silver,10/3/2023,20.979999542236328,21.17799949645996,20.78499984741211,21.17799949645996,34,1824.599976,21.177999
SI=F,Silver,10/4/2023,21.184999465942383,21.184999465942383,20.760000228881836,20.95599937438965,30,1818.5,20.955999
SI=F,Silver,10/5/2023,21.075000762939453,21.075000762939453,20.847999572753903,20.847999572753903,117,1816.599976,20.848
SI=F,Silver,10/6/2023,20.98500061035156,21.540000915527344,20.924999237060547,21.540000915527344,15,1830.199951,21.540001
SI=F,Silver,10/9/2023,21.74099922180176,21.74099922180176,21.74099922180176,21.74099922180176,0,1849.5,21.740999
SI=F,Silver,10/10/2023,21.850000381469727,21.86000061035156,21.71500015258789,21.775999069213867,12,1861,21.775999
SI=F,Silver,10/11/2023,21.957000732421875,21.957000732421875,21.957000732421875,21.957000732421875,3,1872.800049,21.957001
SI=F,Silver,10/12/2023,22.06999969482422,22.19499969482422,21.79199981689453,21.79199981689453,20,1869.300049,21.792
SI=F,Silver,10/13/2023,22.475000381469727,22.72699928283691,22.475000381469727,22.72699928283691,13,1927.400024,22.726999
SI=F,Silver,10/16/2023,22.604999542236328,22.61000061035156,22.604999542236328,22.61000061035156,2,1921.099976,22.610001
SI=F,Silver,10/17/2023,22.700000762939453,22.863000869750977,22.649999618530273,22.863000869750977,22,1922.699951,22.863001
SI=F,Silver,10/18/2023,22.790000915527344,22.944000244140625,22.76499938964844,22.944000244140625,8,1955.300049,22.944
SI=F,Silver,10/19/2023,22.770000457763672,22.886999130249023,22.770000457763672,22.886999130249023,9,1968.400024,22.886999
SI=F,Silver,10/20/2023,23.559999465942383,23.62999916,23.35099983215332,23.35099983215332,9,1982.5,23.351
