ticker,commodity,date,open,high,low,close,volume
GC=F,Gold,1/3/2023,1836.199951171875,1839.699951171875,1836.199951171875,1839.699951171875,29
GC=F,Gold,1/4/2023,1845.5999755859375,1859.0999755859375,1845.5999755859375,1852.800048828125,25
GC=F,Gold,1/5/2023,1855.199951171875,1855.199951171875,1834.800048828125,1834.800048828125,24
GC=F,Gold,1/6/2023,1838.4000244140625,1868.199951171875,1835.300048828125,1864.199951171875,26
GC=F,Gold,1/9/2023,1867,1880,1867,1872.699951171875,62
GC=F,Gold,1/10/2023,1877.800048828125,1878.0999755859375,1871.5999755859375,1871.5999755859375,101
GC=F,Gold,1/11/2023,1873.0999755859375,1877.800048828125,1873.0999755859375,1874.5999755859375,1236
GC=F,Gold,1/12/2023,1877.199951171875,1897.4000244140625,1877.199951171875,1895.5,59
GC=F,Gold,1/13/2023,1899,1920.9000244140625,1898.300048828125,1918.4000244140625,512
GC=F,Gold,1/17/2023,1920.0999755859375,1920.0999755859375,1905.199951171875,1907.199951171875,706
GC=F,Gold,1/18/2023,1911.0999755859375,1911.0999755859375,1903.0999755859375,1904.4000244140625,1027
GC=F,Gold,1/19/2023,1922.0999755859375,1931.800048828125,1922.0999755859375,1922.0999755859375,371
GC=F,Gold,1/20/2023,1922.0999755859375,1928.5,1921.4000244140625,1926.4000244140625,1346
GC=F,Gold,1/23/2023,1926.5,1927.0999755859375,1915,1927.0999755859375,218
GC=F,Gold,1/24/2023,1931.800048828125,1936.800048828125,1931.800048828125,1933.9000244140625,201
GC=F,Gold,1/25/2023,1941.199951171875,1941.199951171875,1939.800048828125,1941.199951171875,7
GC=F,Gold,1/26/2023,1936.5999755859375,1937.0999755859375,1927.0999755859375,1929.0999755859375,131
GC=F,Gold,1/27/2023,1928.5999755859375,1928.5999755859375,1928.5999755859375,1928.5999755859375,150902
GC=F,Gold,1/30/2023,1928.300048828125,1933.5999755859375,1920.300048828125,1922.9000244140625,27220
GC=F,Gold,1/31/2023,1923,1930.4000244140625,1900.5999755859375,1929.5,1910
GC=F,Gold,2/1/2023,1927.199951171875,1955,1922,1927.800048828125,2290
GC=F,Gold,2/2/2023,1952.300048828125,1959.0999755859375,1911.300048828125,1916.300048828125,748
GC=F,Gold,2/3/2023,1912.4000244140625,1917,1861.5,1862.9000244140625,992
GC=F,Gold,2/6/2023,1865.5999755859375,1880,1863.4000244140625,1866.199951171875,424
GC=F,Gold,2/7/2023,1870,1875.699951171875,1868,1871.699951171875,297
GC=F,Gold,2/8/2023,1872.0999755859375,1880.4000244140625,1872.0999755859375,1877.4000244140625,230
GC=F,Gold,2/9/2023,1875.300048828125,1884.5999755859375,1859.800048828125,1866.199951171875,223
GC=F,Gold,2/10/2023,1861.5999755859375,1863.5,1852.4000244140625,1862.800048828125,27
GC=F,Gold,2/13/2023,1859,1861,1850,1851.9000244140625,569
GC=F,Gold,2/14/2023,1854.0999755859375,1862,1846.199951171875,1854,656
GC=F,Gold,2/15/2023,1842,1842,1828.199951171875,1834.199951171875,368
GC=F,Gold,2/16/2023,1838.5999755859375,1843.699951171875,1827.199951171875,1842,222
GC=F,Gold,2/17/2023,1827.4000244140625,1842.199951171875,1818.4000244140625,1840.4000244140625,35
GC=F,Gold,2/21/2023,1842.5999755859375,1843,1833,1833,862
GC=F,Gold,2/22/2023,1835.699951171875,1836.199951171875,1825.0999755859375,1832,278
GC=F,Gold,2/23/2023,1826.4000244140625,1827.5,1818,1818,291
GC=F,Gold,2/24/2023,1808.800048828125,1808.800048828125,1808.800048828125,1808.800048828125,404
GC=F,Gold,2/27/2023,1811.5999755859375,1817.5,1808.9000244140625,1817,829
GC=F,Gold,2/28/2023,1808.0999755859375,1830,1808.0999755859375,1828.9000244140625,618
GC=F,Gold,3/1/2023,1827.0999755859375,1841.699951171875,1827.0999755859375,1837.699951171875,211
GC=F,Gold,3/2/2023,1830,1836.300048828125,1830,1833.5,154
GC=F,Gold,3/3/2023,1837.300048828125,1855.4000244140625,1837.300048828125,1847.699951171875,61
GC=F,Gold,3/6/2023,1853.300048828125,1853.800048828125,1844.199951171875,1847.9000244140625,5
GC=F,Gold,3/7/2023,1840.9000244140625,1840.9000244140625,1813.9000244140625,1813.9000244140625,450
GC=F,Gold,3/8/2023,1811.5999755859375,1812.9000244140625,1811.5,1812.699951171875,75
GC=F,Gold,3/9/2023,1816.4000244140625,1829.300048828125,1815.5999755859375,1829.300048828125,332
GC=F,Gold,3/10/2023,1852.300048828125,1868.5,1852,1862,248
GC=F,Gold,3/13/2023,1890.800048828125,1913.0999755859375,1875.0999755859375,1911.699951171875,503
GC=F,Gold,3/14/2023,1912.199951171875,1912.199951171875,1901.0999755859375,1906.199951171875,107
GC=F,Gold,3/15/2023,1903.9000244140625,1926.5999755859375,1898.5,1926.5999755859375,564
GC=F,Gold,3/16/2023,1909.9000244140625,1931.699951171875,1909.9000244140625,1919,394
GC=F,Gold,3/17/2023,1946,1985.0999755859375,1946,1969.800048828125,82
GC=F,Gold,3/20/2023,1988.300048828125,2003.9000244140625,1968.9000244140625,1979.199951171875,389
GC=F,Gold,3/21/2023,1973.800048828125,1973.800048828125,1938,1938,47
GC=F,Gold,3/22/2023,1946.800048828125,1974,1946.800048828125,1946.800048828125,50
GC=F,Gold,3/23/2023,1990.5,1994.5999755859375,1990.5,1993.800048828125,33
GC=F,Gold,3/24/2023,1991.699951171875,1995.4000244140625,1982.0999755859375,1982.0999755859375,19
GC=F,Gold,3/27/2023,1957.199951171875,1957.199951171875,1952.4000244140625,1952.4000244140625,877
GC=F,Gold,3/28/2023,1972.4000244140625,1972.4000244140625,1972.4000244140625,1972.4000244140625,21
GC=F,Gold,3/29/2023,1966.0999755859375,1966.0999755859375,1966.0999755859375,1966.0999755859375,88563
GC=F,Gold,3/30/2023,1965.9000244140625,1984.4000244140625,1954.9000244140625,1980.300048828125,10119
GC=F,Gold,3/31/2023,1981.300048828125,1986.800048828125,1968,1969,957
GC=F,Gold,4/3/2023,1968.0999755859375,1991.699951171875,1950,1983.9000244140625,737
GC=F,Gold,4/4/2023,1984.5999755859375,2027.0999755859375,1979,2022.199951171875,811
GC=F,Gold,4/5/2023,2022.0999755859375,2033.800048828125,2013.5999755859375,2020.9000244140625,525
GC=F,Gold,4/6/2023,2022.199951171875,2023.300048828125,2005,2011.9000244140625,0
GC=F,Gold,4/10/2023,2000,2006.5999755859375,1984,1989.0999755859375,652
GC=F,Gold,4/11/2023,1991.4000244140625,2006.5,1991.4000244140625,2004.800048828125,68
GC=F,Gold,4/12/2023,2005.199951171875,2025.699951171875,2005.199951171875,2010.9000244140625,172
GC=F,Gold,4/13/2023,2015.5999755859375,2048.600098,2015.5999755859375,2041.300048828125,1043
GC=F,Gold,4/14/2023,2041,2047.800048828125,1995,2002.199951171875,718
GC=F,Gold,4/17/2023,2002.699951171875,2007.5999755859375,1983.199951171875,1994.199951171875,554
GC=F,Gold,4/18/2023,1996.9000244140625,2007.4000244140625,1996.9000244140625,2007.4000244140625,72
GC=F,Gold,4/19/2023,2005.699951171875,2006.4000244140625,1969.800048828125,1995.199951171875,61
GC=F,Gold,4/20/2023,1998,2007.5999755859375,1998,2007.5999755859375,164
GC=F,Gold,4/21/2023,1996.199951171875,1996.199951171875,1974.0999755859375,1979.5,132
GC=F,Gold,4/24/2023,1981.300048828125,1989.800048828125,1977.4000244140625,1989.0999755859375,145
GC=F,Gold,4/25/2023,1995.699951171875,1999.0999755859375,1982.300048828125,1994,306
GC=F,Gold,4/26/2023,1997.800048828125,1998.800048828125,1985.5999755859375,1985.699951171875,615
GC=F,Gold,4/27/2023,1990.5999755859375,2002.300048828125,1979.9000244140625,1989.9000244140625,355
GC=F,Gold,4/28/2023,1986.9000244140625,1990.0999755859375,1977.699951171875,1990.0999755859375,152
GC=F,Gold,5/1/2023,1980.0999755859375,2005,1976.9000244140625,1983.4000244140625,210
GC=F,Gold,5/2/2023,1994.699951171875,2018,1994.699951171875,2014.300048828125,1896
GC=F,Gold,5/3/2023,2017.0999755859375,2035.0999755859375,2015.199951171875,2028.5999755859375,1349
GC=F,Gold,5/4/2023,2045,2072,2040,2048,930
GC=F,Gold,5/5/2023,2046.4000244140625,2046.4000244140625,2004.300048828125,2017.4000244140625,59
GC=F,Gold,5/8/2023,2022.5,2026.300048828125,2022.5,2026.300048828125,3
GC=F,Gold,5/9/2023,2026.5999755859375,2037.300048828125,2025.9000244140625,2036.199951171875,241
GC=F,Gold,5/10/2023,2032.300048828125,2044.300048828125,2029.5,2030.5,248
GC=F,Gold,5/11/2023,2034.0999755859375,2038.300048828125,2014,2014.699951171875,90
GC=F,Gold,5/12/2023,2014.5,2014.5,2014.5,2014.5,115
GC=F,Gold,5/15/2023,2013.800048828125,2018,2013.800048828125,2018,3
GC=F,Gold,5/16/2023,1988.4000244140625,1988.4000244140625,1988.4000244140625,1988.4000244140625,49
GC=F,Gold,5/17/2023,1983.5999755859375,1983.5999755859375,1980.699951171875,1980.699951171875,13
GC=F,Gold,5/18/2023,1956.5,1956.800048828125,1956.5,1956.5,23
GC=F,Gold,5/19/2023,1960,1978.699951171875,1960,1978.699951171875,106
GC=F,Gold,5/22/2023,1980.5,1980.5,1974.800048828125,1974.800048828125,8
GC=F,Gold,5/23/2023,1972.4000244140625,1972.4000244140625,1972.4000244140625,1972.4000244140625,1
GC=F,Gold,5/24/2023,1975.4000244140625,1975.4000244140625,1962.800048828125,1962.800048828125,189
GC=F,Gold,5/25/2023,1943.0999755859375,1943.0999755859375,1943.0999755859375,1943.0999755859375,1
GC=F,Gold,5/26/2023,1948.199951171875,1948.4000244140625,1944.0999755859375,1944.0999755859375,166036
GC=F,Gold,5/30/2023,1942.699951171875,1962.5999755859375,1931,1958,37838
GC=F,Gold,5/31/2023,1958.199951171875,1973,1953,1963.9000244140625,5959
GC=F,Gold,6/1/2023,1963.199951171875,1983,1954.300048828125,1978,750
GC=F,Gold,6/2/2023,1977.0999755859375,1982.5,1947.4000244140625,1952.4000244140625,356
GC=F,Gold,6/5/2023,1947.5,1961.9000244140625,1937.800048828125,1958,713
GC=F,Gold,6/6/2023,1960.800048828125,1965.5,1958.800048828125,1965.5,164
GC=F,Gold,6/7/2023,1959,1968.4000244140625,1940.699951171875,1942.699951171875,139
GC=F,Gold,6/8/2023,1943.199951171875,1969,1943.0999755859375,1963.5999755859375,433
GC=F,Gold,6/9/2023,1965.0999755859375,1969.800048828125,1960.300048828125,1962.199951171875,49
GC=F,Gold,6/12/2023,1959.699951171875,1963.5,1951.4000244140625,1955.300048828125,212
GC=F,Gold,6/13/2023,1960.5999755859375,1967.5,1940.300048828125,1944.5999755859375,343
GC=F,Gold,6/14/2023,1946.199951171875,1958.199951171875,1940.300048828125,1955.300048828125,202
GC=F,Gold,6/15/2023,1941.699951171875,1958.800048828125,1926,1957.800048828125,329
GC=F,Gold,6/16/2023,1961.4000244140625,1962.9000244140625,1953.5,1958.4000244140625,119
GC=F,Gold,6/20/2023,1958.5999755859375,1958.5999755859375,1931.300048828125,1935.5,193
GC=F,Gold,6/21/2023,1935.5999755859375,1936.800048828125,1920,1933.300048828125,557
GC=F,Gold,6/22/2023,1920,1921,1912.0999755859375,1912.699951171875,237
GC=F,Gold,6/23/2023,1918.699951171875,1932.5,1918.699951171875,1919.0999755859375,105
GC=F,Gold,6/26/2023,1922.9000244140625,1928.5,1922.5,1923.699951171875,71
GC=F,Gold,6/27/2023,1927,1929.4000244140625,1914,1914,49
GC=F,Gold,6/28/2023,1912.300048828125,1912.300048828125,1912.300048828125,1912.300048828125,628
GC=F,Gold,6/29/2023,1909.9000244140625,1909.9000244140625,1892.5,1909.199951171875,289
GC=F,Gold,6/30/2023,1908.5999755859375,1921.0999755859375,1900.5999755859375,1921.0999755859375,445
GC=F,Gold,7/3/2023,1917.9000244140625,1929.5,1917.9000244140625,1921.699951171875,41
GC=F,Gold,7/5/2023,1923.5,1933.9000244140625,1914.699951171875,1919.5999755859375,193
GC=F,Gold,7/6/2023,1909.300048828125,1910.199951171875,1903.199951171875,1908.699951171875,81
GC=F,Gold,7/7/2023,1913.4000244140625,1934.0999755859375,1913.4000244140625,1926.199951171875,61
GC=F,Gold,7/10/2023,1923.5999755859375,1926.0999755859375,1912.300048828125,1925,269
GC=F,Gold,7/11/2023,1925,1937,1924.199951171875,1931.300048828125,142
GC=F,Gold,7/12/2023,1932.300048828125,1958,1932.199951171875,1956.199951171875,132
GC=F,Gold,7/13/2023,1961.0999755859375,1961.0999755859375,1953,1959.199951171875,121
GC=F,Gold,7/14/2023,1958.4000244140625,1960.5999755859375,1952.699951171875,1960.0999755859375,94
GC=F,Gold,7/17/2023,1954,1956.5,1946.5999755859375,1952.4000244140625,29
GC=F,Gold,7/18/2023,1968.800048828125,1978.4000244140625,1963.4000244140625,1977.199951171875,83
GC=F,Gold,7/19/2023,1977,1977.5,1973,1977.5,35
GC=F,Gold,7/20/2023,1973.699951171875,1973.699951171875,1965.5999755859375,1968.300048828125,638
GC=F,Gold,7/21/2023,1961.800048828125,1964.300048828125,1961.800048828125,1964.300048828125,50
GC=F,Gold,7/24/2023,1965.300048828125,1965.5,1960.300048828125,1960.300048828125,2
GC=F,Gold,7/25/2023,1953,1962.5,1953,1962.0999755859375,19
GC=F,Gold,7/26/2023,1966.199951171875,1972,1966.199951171875,1968.9000244140625,51
GC=F,Gold,7/27/2023,1945.4000244140625,1945.4000244140625,1945.4000244140625,1945.4000244140625,194253
GC=F,Gold,7/28/2023,1945.5,1962.199951171875,1944.199951171875,1960.4000244140625,23155
GC=F,Gold,7/31/2023,1959.199951171875,1971.5999755859375,1950,1970.5,1025
GC=F,Gold,8/1/2023,1964.9000244140625,1965.4000244140625,1940.699951171875,1940.699951171875,688
GC=F,Gold,8/2/2023,1948.4000244140625,1953.5999755859375,1933.199951171875,1937.4000244140625,652
GC=F,Gold,8/3/2023,1934.199951171875,1936.5,1928,1932,773
GC=F,Gold,8/4/2023,1934.9000244140625,1945,1920,1939.5999755859375,290
GC=F,Gold,8/7/2023,1941,1941,1929.800048828125,1933.5,376
GC=F,Gold,8/8/2023,1931.699951171875,1933.199951171875,1923,1924.0999755859375,555
GC=F,Gold,8/9/2023,1925.4000244140625,1928.800048828125,1913.699951171875,1915.4000244140625,451
GC=F,Gold,8/10/2023,1921.0999755859375,1927.800048828125,1911.4000244140625,1914.4000244140625,178
GC=F,Gold,8/11/2023,1913,1916.5999755859375,1911.800048828125,1912.9000244140625,57
GC=F,Gold,8/14/2023,1909.300048828125,1912.5999755859375,1903.300048828125,1910.5999755859375,46
GC=F,Gold,8/15/2023,1906,1907.699951171875,1895,1902.5,73
GC=F,Gold,8/16/2023,1904.5,1904.5,1890.300048828125,1896.0999755859375,22
GC=F,Gold,8/17/2023,1893.699951171875,1902.4000244140625,1884,1884.0999755859375,245
GC=F,Gold,8/18/2023,1891.800048828125,1891.800048828125,1886.0999755859375,1886.0999755859375,19
GC=F,Gold,8/21/2023,1893.5999755859375,1893.5999755859375,1893.300048828125,1893.300048828125,876
GC=F,Gold,8/22/2023,1894.5999755859375,1896.800048828125,1892.800048828125,1896.4000244140625,46
GC=F,Gold,8/23/2023,1909.5999755859375,1918.5,1909.5999755859375,1918.5,547
GC=F,Gold,8/24/2023,1920,1920.800048828125,1918.199951171875,1918.199951171875,337
GC=F,Gold,8/25/2023,1919.800048828125,1919.800048828125,1911.0999755859375,1911.0999755859375,195
GC=F,Gold,8/28/2023,1915.5,1921.5,1915.5,1917.9000244140625,99
GC=F,Gold,8/29/2023,1917.9000244140625,1936.5,1916.9000244140625,1936.5,1674
GC=F,Gold,8/30/2023,1936,1946.4000244140625,1934.5999755859375,1944.300048828125,396
GC=F,Gold,8/31/2023,1944.4000244140625,1944.4000244140625,1938.199951171875,1938.199951171875,491
GC=F,Gold,9/1/2023,1950,1950,1936.5999755859375,1939.800048828125,167
GC=F,Gold,9/5/2023,1934.4000244140625,1934.4000244140625,1924.699951171875,1926.199951171875,113
GC=F,Gold,9/6/2023,1924.0999755859375,1925.300048828125,1916.300048828125,1918.0999755859375,24
GC=F,Gold,9/7/2023,1917.5999755859375,1921.5,1917.5,1917.5,41
GC=F,Gold,9/8/2023,1924,1924.699951171875,1918.4000244140625,1918.4000244140625,105
GC=F,Gold,9/11/2023,1923,1928.300048828125,1921.800048828125,1923.300048828125,50
GC=F,Gold,9/12/2023,1920.800048828125,1920.800048828125,1911.300048828125,1911.300048828125,365
GC=F,Gold,9/13/2023,1910.300048828125,1914.5999755859375,1908.9000244140625,1909.0999755859375,15
GC=F,Gold,9/14/2023,1903,1910,1903,1910,169
GC=F,Gold,9/15/2023,1923.5,1927.300048828125,1923.5,1923.699951171875,8
GC=F,Gold,9/18/2023,1928.199951171875,1931.5,1926.4000244140625,1931.5,19
GC=F,Gold,9/19/2023,1934,1934,1932,1932,6
GC=F,Gold,9/20/2023,1945.5999755859375,1945.5999755859375,1929.199951171875,1945.5999755859375,119
GC=F,Gold,9/21/2023,1924,1924,1919.199951171875,1919.199951171875,9
GC=F,Gold,9/22/2023,1925.4000244140625,1925.4000244140625,1925.4000244140625,1925.4000244140625,1
GC=F,Gold,9/25/2023,1916.5999755859375,1916.5999755859375,1916.5999755859375,1916.5999755859375,114
GC=F,Gold,9/26/2023,1905,1905.0999755859375,1900.4000244140625,1900.4000244140625,161
GC=F,Gold,9/27/2023,1871.5999755859375,1871.5999755859375,1871.5999755859375,1871.5999755859375,12251
GC=F,Gold,9/28/2023,1875.5,1878.199951171875,1856.699951171875,1860.4000244140625,4654
GC=F,Gold,9/29/2023,1864.300048828125,1872.300048828125,1846,1848.0999755859375,1605
GC=F,Gold,10/2/2023,1844.0999755859375,1845.9000244140625,1826.699951171875,1830,2309
GC=F,Gold,10/3/2023,1825,1830.9000244140625,1816.800048828125,1824.5999755859375,310
GC=F,Gold,10/4/2023,1821.800048828125,1828.199951171875,1816.4000244140625,1818.5,357
GC=F,Gold,10/5/2023,1826.300048828125,1826.300048828125,1815.5999755859375,1816.5999755859375,393
GC=F,Gold,10/6/2023,1819,1831.800048828125,1809.4000244140625,1830.199951171875,390
GC=F,Gold,10/9/2023,1842.5,1861.5,1842.5,1849.5,232
GC=F,Gold,10/10/2023,1857,1861.4000244140625,1852.800048828125,1861,236
GC=F,Gold,10/11/2023,1869.5,1874.5999755859375,1869.0999755859375,1872.800048828125,65
GC=F,Gold,10/12/2023,1874.699951171875,1881.199951171875,1867,1869.300048828125,46
GC=F,Gold,10/13/2023,1877.5,1930.0999755859375,1877.5,1927.4000244140625,43
GC=F,Gold,10/16/2023,1910.4000244140625,1921.0999755859375,1910.300048828125,1921.0999755859375,53
GC=F,Gold,10/17/2023,1914.300048828125,1925.800048828125,1914.300048828125,1922.699951171875,103
GC=F,Gold,10/18/2023,1935,1957.9000244140625,1935,1955.300048828125,67
GC=F,Gold,10/19/2023,1950.0999755859375,1977.699951171875,1945.699951171875,1968.4000244140625,1945
GC=F,Gold,10/20/2023,1981.0999755859375,1988.5999755859375,1980.4000244140625,1982.5,1945
SI=F,Silver,1/3/2023,24.454999923706055,24.530000686645508,23.979999542236328,24.05900001525879,148
SI=F,Silver,1/4/2023,24.084999084472656,24.104999542236328,23.75,23.79199981689453,24
SI=F,Silver,1/5/2023,23.5,23.5,23.145000457763672,23.257999420166016,8
SI=F,Silver,1/6/2023,23.295000076293945,23.82200050354004,23.290000915527344,23.82200050354004,6
SI=F,Silver,1/9/2023,23.711999893188477,23.711999893188477,23.711999893188477,23.711999893188477,2
SI=F,Silver,1/10/2023,23.43000030517578,23.506999969482422,23.424999237060547,23.506999969482422,4
SI=F,Silver,1/11/2023,23.549999237060547,23.80500030517578,23.184999465942383,23.32699966430664,9
SI=F,Silver,1/12/2023,23.80500030517578,23.863000869750977,23.80500030517578,23.863000869750977,33
SI=F,Silver,1/13/2023,23.889999389648438,24.231000900268555,23.5,24.231000900268555,30
SI=F,Silver,1/17/2023,24.309999465942383,24.315000534057617,23.944000244140625,23.944000244140625,118
SI=F,Silver,1/18/2023,24.25,24.260000228881836,23.530000686645508,23.530000686645508,19
SI=F,Silver,1/19/2023,23.753999710083008,23.753999710083008,23.753999710083008,23.753999710083008,18
SI=F,Silver,1/20/2023,23.829999923706055,23.829999923706055,23.829999923706055,23.829999923706055,0
SI=F,Silver,1/23/2023,23.079999923706055,23.45199966430664,22.850000381469727,23.45199966430664,8
SI=F,Silver,1/24/2023,23.434999465942383,23.704999923706055,23.25,23.64900016784668,7
SI=F,Silver,1/25/2023,23.684999465942383,23.94499969482422,23.62000084,23.839000701904297,21
SI=F,Silver,1/26/2023,23.99500084,24.184999465942383,23.780000686645508,23.93000030517578,11
SI=F,Silver,1/27/2023,23.527000427246094,23.527000427246094,23.527000427246094,23.527000427246094,184
SI=F,Silver,1/30/2023,23.69499969482422,23.790000915527344,23.645000457763672,23.645000457763672,45
SI=F,Silver,1/31/2023,23.55500030517578,23.74799919128418,23.05500030517578,23.74799919128418,28
SI=F,Silver,2/1/2023,23.520000457763672,23.834999084472656,23.510000228881836,23.520999908447266,12
SI=F,Silver,2/2/2023,24.19499969482422,24.459999084472656,23.534000396728516,23.534000396728516,97
SI=F,Silver,2/3/2023,22.5,22.5,22.333999633789062,22.333999633789062,4
SI=F,Silver,2/6/2023,22.235000610351562,22.239999771118164,22.177000045776367,22.177000045776367,542
SI=F,Silver,2/7/2023,22.117000579833984,22.117000579833984,22.117000579833984,22.117000579833984,0
SI=F,Silver,2/8/2023,22.165000915527344,22.367000579833984,22.165000915527344,22.367000579833984,9
SI=F,Silver,2/9/2023,22.097000122070312,22.097000122070312,21.94499969482422,22.097000122070312,21
SI=F,Silver,2/10/2023,22.110000610351562,22.110000610351562,21.989999771118164,22.034000396728516,25
SI=F,Silver,2/13/2023,21.780000686645508,21.975000381469727,21.780000686645508,21.81800079345703,54
SI=F,Silver,2/14/2023,21.989999771118164,21.989999771118164,21.841999053955078,21.841999053955078,4
SI=F,Silver,2/15/2023,21.84000015258789,21.844999313354492,21.54599952697754,21.54599952697754,11
SI=F,Silver,2/16/2023,21.625,21.684999465942383,21.545000076293945,21.68400001525879,26
SI=F,Silver,2/17/2023,21.69499969482422,21.725000381469727,21.694000244140625,21.694000244140625,4
SI=F,Silver,2/21/2023,21.969999313354492,21.969999313354492,21.854999542236328,21.868999481201172,8
SI=F,Silver,2/22/2023,21.87999916,21.885000228881836,21.660999298095703,21.660999298095703,6
SI=F,Silver,2/23/2023,21.510000228881836,21.56999969482422,21.298999786376953,21.298999786376953,25
SI=F,Silver,2/24/2023,21.329999923706055,21.329999923706055,20.805999755859375,20.805999755859375,53878
SI=F,Silver,2/27/2023,20.75,20.81999969482422,20.514999389648438,20.670000076293945,7500
SI=F,Silver,2/28/2023,20.639999389648438,21.010000228881836,20.475000381469727,20.961000442504883,513
SI=F,Silver,3/1/2023,20.87999916,21.149999618530273,20.87999916,20.958999633789062,577
SI=F,Silver,3/2/2023,20.915000915527344,20.915000915527344,20.735000610351562,20.766000747680664,109
SI=F,Silver,3/3/2023,21,21.219999313354492,20.924999237060547,21.093000411987305,172
SI=F,Silver,3/6/2023,21.174999237060547,21.219999313354492,20.979999542236328,20.983999252319336,120
SI=F,Silver,3/7/2023,20.985000610351562,20.985000610351562,19.989999771118164,20.054000854492188,57
SI=F,Silver,3/8/2023,20.03499984741211,20.139999389648438,19.829999923706055,20.00499916,82
SI=F,Silver,3/9/2023,20.010000228881836,20.030000686645508,20.010000228881836,20.024999618530273,7
SI=F,Silver,3/10/2023,20.375,20.375,20.375,20.375,48
SI=F,Silver,3/13/2023,20.690000534057617,21.792999267578125,20.690000534057617,21.792999267578125,15
SI=F,Silver,3/14/2023,21.510000228881836,21.929000854492188,21.5,21.929000854492188,60
SI=F,Silver,3/15/2023,21.600000381469727,22.079999923706055,21.600000381469727,21.77400016784668,15
SI=F,Silver,3/16/2023,21.854999542236328,21.860000610351562,21.579999923706055,21.58799934387207,53
SI=F,Silver,3/17/2023,21.75,22.35099983215332,21.75,22.35099983215332,58
SI=F,Silver,3/20/2023,22.62999916,22.719999313354492,22.415000915527344,22.533000946044922,9
SI=F,Silver,3/21/2023,22.56999969482422,22.600000381469727,22.204999923706055,22.323999404907227,58
SI=F,Silver,3/22/2023,22.68000030517578,23.065000534057617,22.649999618530273,22.674999237060547,22
SI=F,Silver,3/23/2023,23.143999099731445,23.143999099731445,23.143999099731445,23.143999099731445,0
SI=F,Silver,3/24/2023,23.246999740600586,23.246999740600586,23.246999740600586,23.246999740600586,15
SI=F,Silver,3/27/2023,23.054000854492188,23.054000854492188,23.054000854492188,23.054000854492188,0
SI=F,Silver,3/28/2023,23.094999313354492,23.323999404907227,23.094999313354492,23.323999404907227,36
SI=F,Silver,3/29/2023,23.375999450683594,23.375999450683594,23.375999450683594,23.375999450683594,188
SI=F,Silver,3/30/2023,23.985000610351562,23.985000610351562,23.604999542236328,23.902000427246094,93
SI=F,Silver,3/31/2023,23.87000084,24.165000915527344,23.87000084,24.076000213623047,34
SI=F,Silver,4/3/2023,23.725000381469727,24.06999969482422,23.69499969482422,23.94099998474121,26
SI=F,Silver,4/4/2023,24.415000915527344,25.084999084472656,24.415000915527344,25.02199935913086,24
SI=F,Silver,4/5/2023,25.114999771118164,25.145000457763672,24.790000915527344,24.96299934387207,74
SI=F,Silver,4/6/2023,24.670000076293945,25.030000686645508,24.670000076293945,25.024999618530273,0
SI=F,Silver,4/10/2023,24.850000381469727,24.850000381469727,24.84600067138672,24.84600067138672,8
SI=F,Silver,4/11/2023,24.959999084472656,25.15999984741211,24.959999084472656,25.131000518798828,16
SI=F,Silver,4/12/2023,25.165000915527344,25.584999084472656,25.165000915527344,25.40399932861328,14
SI=F,Silver,4/13/2023,25.540000915527344,25.950000762939453,25.540000915527344,25.874000549316406,12
SI=F,Silver,4/14/2023,25.799999237060547,25.899999618530273,25.34000015258789,25.423999786376953,28
SI=F,Silver,4/17/2023,25.05299949645996,25.05299949645996,25.05299949645996,25.05299949645996,0
SI=F,Silver,4/18/2023,25.18000030517578,25.299999237060547,25.15999984741211,25.24799919128418,44
SI=F,Silver,4/19/2023,24.80500030517578,25.365999221801758,24.80500030517578,25.365999221801758,33
SI=F,Silver,4/20/2023,25.229999542236328,25.368000030517578,25.225000381469727,25.368000030517578,2
SI=F,Silver,4/21/2023,25.165000915527344,25.18000030517578,25.05299949645996,25.05299949645996,19
SI=F,Silver,4/24/2023,25.049999237060547,25.305999755859375,25.024999618530273,25.305999755859375,2
SI=F,Silver,4/25/2023,25.19499969482422,25.19499969482422,24.75,24.87700080871582,4
SI=F,Silver,4/26/2023,25.12999916,25.12999916,24.871000289916992,24.871000289916992,64251
SI=F,Silver,4/27/2023,24.975000381469727,25.209999084472656,24.565000534057617,24.982999801635742,8978
SI=F,Silver,4/28/2023,24.954999923706055,25.110000610351562,24.78499984741211,24.999000549316406,1039
SI=F,Silver,5/1/2023,25.06999969482422,25.959999084472656,25.009000778198242,25.009000778198242,452
SI=F,Silver,5/2/2023,24.735000610351562,25.520000457763672,24.600000381469727,25.40399932861328,127
SI=F,Silver,5/3/2023,25.424999237060547,25.594999313354492,25.190000534057617,25.47599983215332,256
SI=F,Silver,5/4/2023,25.75499916,26.079999923706055,25.579999923706055,26.03499984741211,110
SI=F,Silver,5/5/2023,26.200000762939453,26.200000762939453,25.264999389648438,25.743000030517578,113
SI=F,Silver,5/8/2023,25.719999313354492,25.719999313354492,25.63599967956543,25.63599967956543,175
SI=F,Silver,5/9/2023,25.5,25.71500015258789,25.44499969482422,25.697999954223633,130
SI=F,Silver,5/10/2023,25.579999923706055,25.975000381469727,25.37000084,25.461000442504883,92
SI=F,Silver,5/11/2023,25.18000030517578,25.21500015258789,24.170000076293945,24.25499916,298
SI=F,Silver,5/12/2023,23.780000686645508,24.209999084472656,23.780000686645508,23.992000579833984,26
SI=F,Silver,5/15/2023,24.065000534057617,24.139999389648438,23.915000915527344,24.12700080871582,96
SI=F,Silver,5/16/2023,23.90999984741211,24.024999618530273,23.73699951171875,23.73699951171875,9
SI=F,Silver,5/17/2023,23.579999923706055,23.815000534057617,23.579999923706055,23.75200080871582,20
SI=F,Silver,5/18/2023,23.46500015258789,23.579999923706055,23.375,23.49500084,123
SI=F,Silver,5/19/2023,23.920000076293945,23.950000762939453,23.920000076293945,23.920000076293945,64
SI=F,Silver,5/22/2023,23.674999237060547,23.71500015258789,23.674999237060547,23.71500015258789,27
SI=F,Silver,5/23/2023,23.5,23.62999916,23.149999618530273,23.474000930786133,176
SI=F,Silver,5/24/2023,23.434999465942383,23.479999542236328,23.065000534057617,23.114999771118164,13
SI=F,Silver,5/25/2023,22.87000084,22.985000610351562,22.785999298095703,22.785999298095703,23
SI=F,Silver,5/26/2023,23.12999916,23.239999771118164,23.114999771118164,23.239999771118164,282
SI=F,Silver,5/30/2023,23.28499984741211,23.37000084,22.93000030517578,23.125,687
SI=F,Silver,5/31/2023,23.329999923706055,23.579999923706055,23.329999923706055,23.474000930786133,13
SI=F,Silver,6/1/2023,23.875,23.875,23.875,23.875,92
SI=F,Silver,6/2/2023,23.84000015258789,23.84000015258789,23.64299964904785,23.64299964904785,6
SI=F,Silver,6/5/2023,23.534000396728516,23.534000396728516,23.534000396728516,23.534000396728516,0
SI=F,Silver,6/6/2023,23.573999404907227,23.573999404907227,23.573999404907227,23.573999404907227,62
SI=F,Silver,6/7/2023,23.43899917602539,23.43899917602539,23.43899917602539,23.43899917602539,0
SI=F,Silver,6/8/2023,23.520000457763672,24.263999938964844,23.520000457763672,24.263999938964844,4
SI=F,Silver,6/9/2023,24.389999389648438,24.389999389648438,24.333999633789062,24.333999633789062,3
SI=F,Silver,6/12/2023,24.28499984741211,24.28499984741211,23.985000610351562,23.985000610351562,1
SI=F,Silver,6/13/2023,23.756000518798828,23.756000518798828,23.756000518798828,23.756000518798828,0
SI=F,Silver,6/14/2023,24.04400062561035,24.04400062561035,24.04400062561035,24.04400062561035,0
SI=F,Silver,6/15/2023,23.891000747680664,23.891000747680664,23.891000747680664,23.891000747680664,1
SI=F,Silver,6/16/2023,24.076000213623047,24.076000213623047,24.076000213623047,24.076000213623047,0
SI=F,Silver,6/20/2023,23.19300079345703,23.19300079345703,23.19300079345703,23.19300079345703,0
SI=F,Silver,6/21/2023,22.77400016784668,22.77400016784668,22.77400016784668,22.77400016784668,0
SI=F,Silver,6/22/2023,22.43600082397461,22.43600082397461,22.43600082397461,22.43600082397461,3
SI=F,Silver,6/23/2023,22.327999114990234,22.327999114990234,22.327999114990234,22.327999114990234,0
SI=F,Silver,6/26/2023,22.80500030517578,22.850000381469727,22.80500030517578,22.80500030517578,6
SI=F,Silver,6/27/2023,22.93899917602539,22.93899917602539,22.93899917602539,22.93899917602539,1
SI=F,Silver,6/28/2023,22.864999771118164,22.868000030517578,22.864999771118164,22.868000030517578,34711
SI=F,Silver,6/29/2023,22.74500084,22.905000686645508,22.299999237060547,22.590999603271484,6994
SI=F,Silver,6/30/2023,22.530000686645508,22.809999465942383,22.344999313354492,22.809999465942383,544
SI=F,Silver,7/3/2023,22.764999389648438,23.00499916,22.704999923706055,22.895999908447266,305
SI=F,Silver,7/5/2023,22.920000076293945,23.315000534057617,22.920000076293945,23.19700050354004,236
SI=F,Silver,7/6/2023,23.155000686645508,23.239999771118164,22.68600082397461,22.68600082397461,81
SI=F,Silver,7/7/2023,22.860000610351562,23.110000610351562,22.860000610351562,23.091999053955078,44
SI=F,Silver,7/10/2023,23.049999237060547,23.150999069213867,22.760000228881836,23.150999069213867,126
SI=F,Silver,7/11/2023,23.225000381469727,23.30500030517578,23.086000442504883,23.086000442504883,371
SI=F,Silver,7/12/2023,23.139999389648438,24.118999481201172,23.139999389648438,24.118999481201172,145
SI=F,Silver,7/13/2023,24.299999237060547,24.815000534057617,24.299999237060547,24.76799964904785,138
SI=F,Silver,7/14/2023,24.90999984741211,25.013999938964844,24.799999237060547,25.013999938964844,54
SI=F,Silver,7/17/2023,24.920000076293945,24.920000076293945,24.84000015258789,24.84399986,16
SI=F,Silver,7/18/2023,24.96500015258789,25.100000381469727,24.96500015258789,25.083999633789062,657
SI=F,Silver,7/19/2023,25.25,25.25,25.045000076293945,25.21899986,7
SI=F,Silver,7/20/2023,25.280000686645508,25.280000686645508,24.80500030517578,24.80500030517578,215
SI=F,Silver,7/21/2023,24.697999954223633,24.697999954223633,24.697999954223633,24.697999954223633,0
SI=F,Silver,7/24/2023,24.43600082397461,24.43600082397461,24.43600082397461,24.43600082397461,10
SI=F,Silver,7/25/2023,24.545000076293945,24.735000610351562,24.545000076293945,24.68000030517578,65
SI=F,Silver,7/26/2023,24.604999542236328,24.825000762939453,24.604999542236328,24.825000762939453,15
SI=F,Silver,7/27/2023,24.236000061035156,24.236000061035156,24.236000061035156,24.236000061035156,96
SI=F,Silver,7/28/2023,24.229999542236328,24.37000084,24.21500015258789,24.37000084,78
SI=F,Silver,7/31/2023,24.209999084472656,24.854000091552734,24.209999084472656,24.854000091552734,169
SI=F,Silver,8/1/2023,24.579999923706055,24.579999923706055,24.184999465942383,24.20800018310547,11
SI=F,Silver,8/2/2023,24.149999618530273,24.149999618530273,23.753999710083008,23.753999710083008,8
SI=F,Silver,8/3/2023,23.584999084472656,23.610000610351562,23.43000030517578,23.586000442504883,56
SI=F,Silver,8/4/2023,23.600000381469727,23.625,23.375,23.617000579833984,62
SI=F,Silver,8/7/2023,23.475000381469727,23.475000381469727,23.06999969482422,23.142000198364258,50
SI=F,Silver,8/8/2023,22.959999084472656,22.96500015258789,22.716999053955078,22.716999053955078,5
SI=F,Silver,8/9/2023,22.649999618530273,22.649999618530273,22.649999618530273,22.649999618530273,5
SI=F,Silver,8/10/2023,22.746000289916992,22.746000289916992,22.746000289916992,22.746000289916992,5
SI=F,Silver,8/11/2023,22.673999786376953,22.673999786376953,22.673999786376953,22.673999786376953,5
SI=F,Silver,8/14/2023,22.405000686645508,22.643999099731445,22.405000686645508,22.643999099731445,21
SI=F,Silver,8/15/2023,22.454999923706055,22.594999313354492,22.454999923706055,22.594999313354492,11
SI=F,Silver,8/16/2023,22.655000686645508,22.655000686645508,22.479999542236328,22.479999542236328,7
SI=F,Silver,8/17/2023,22.600000381469727,22.954999923706055,22.600000381469727,22.670000076293945,27
SI=F,Silver,8/18/2023,22.69499969482422,22.69499969482422,22.69499969482422,22.69499969482422,0
SI=F,Silver,8/21/2023,22.78499984741211,23.304000854492188,22.78499984741211,23.304000854492188,3
SI=F,Silver,8/22/2023,23.344999313354492,23.420000076293945,23.344999313354492,23.420000076293945,2
SI=F,Silver,8/23/2023,24.363000869750977,24.363000869750977,24.363000869750977,24.363000869750977,2
SI=F,Silver,8/24/2023,24.28499984741211,24.309999465942383,24.211000442504883,24.211000442504883,6
SI=F,Silver,8/25/2023,24.079999923706055,24.219999313354492,24.079999923706055,24.219999313354492,11
SI=F,Silver,8/28/2023,24.238000869750977,24.238000869750977,24.238000869750977,24.238000869750977,11
SI=F,Silver,8/29/2023,24.777000427246094,24.777000427246094,24.777000427246094,24.777000427246094,52924
SI=F,Silver,8/30/2023,24.780000686645508,25.059999465942383,24.56999969482422,24.733999252319336,7105
SI=F,Silver,8/31/2023,24.665000915527344,24.700000762939453,24.450000762939453,24.472000122070312,738
SI=F,Silver,9/1/2023,24.489999771118164,24.84000015258789,24.204999923706055,24.23200035095215,229
SI=F,Silver,9/5/2023,24.204999923706055,24.325000762939453,23.53499984741211,23.558000564575195,150
SI=F,Silver,9/6/2023,23.514999389648438,23.62000084,23.135000228881836,23.20599937438965,357
SI=F,Silver,9/7/2023,23.09000015258789,23.125,22.905000686645508,22.950000762939453,97
SI=F,Silver,9/8/2023,23.104999542236328,23.145000457763672,22.892000198364258,22.892000198364258,28
SI=F,Silver,9/11/2023,22.924999237060547,23.139999389648438,22.924999237060547,23.10300064086914,138
SI=F,Silver,9/12/2023,22.94499969482422,23.12700080871582,22.93000030517578,23.12700080871582,59
SI=F,Silver,9/13/2023,22.825000762939453,22.915000915527344,22.81999969482422,22.91200065612793,10
SI=F,Silver,9/14/2023,22.614999771118164,22.74799919128418,22.579999923706055,22.74799919128418,42
SI=F,Silver,9/15/2023,22.709999084472656,23.184999465942383,22.709999084472656,23.125999450683594,34
SI=F,Silver,9/18/2023,23.23200035095215,23.23200035095215,23.23200035095215,23.23200035095215,8
SI=F,Silver,9/19/2023,23.194000244140625,23.194000244140625,23.194000244140625,23.194000244140625,0
SI=F,Silver,9/20/2023,23.350000381469727,23.57900047302246,23.350000381469727,23.57900047302246,1
SI=F,Silver,9/21/2023,23.030000686645508,23.444000244140625,23.030000686645508,23.444000244140625,64
SI=F,Silver,9/22/2023,23.700000762939453,23.700000762939453,23.59600067138672,23.59600067138672,28
SI=F,Silver,9/25/2023,23.59000015258789,23.610000610351562,23.145000457763672,23.145000457763672,66
SI=F,Silver,9/26/2023,22.950000762939453,22.950000762939453,22.950000762939453,22.950000762939453,1
SI=F,Silver,9/27/2023,22.476999282836914,22.476999282836914,22.476999282836914,22.476999282836914,421
SI=F,Silver,9/28/2023,22.549999237060547,22.614999771118164,22.399999618530273,22.514999389648438,120
SI=F,Silver,9/29/2023,22.774999618530273,23.459999084472656,22.236000061035156,22.236000061035156,120
SI=F,Silver,10/2/2023,22.165000915527344,22.174999237060547,21.218000411987305,21.218000411987305,131
SI=F,Silver,10/3/2023,20.979999542236328,21.17799949645996,20.78499984741211,21.17799949645996,34
SI=F,Silver,10/4/2023,21.184999465942383,21.184999465942383,20.760000228881836,20.95599937438965,30
SI=F,Silver,10/5/2023,21.075000762939453,21.075000762939453,20.847999572753906,20.847999572753906,117
SI=F,Silver,10/6/2023,20.985000610351562,21.540000915527344,20.924999237060547,21.540000915527344,15
SI=F,Silver,10/9/2023,21.740999221801758,21.740999221801758,21.740999221801758,21.740999221801758,0
SI=F,Silver,10/10/2023,21.850000381469727,21.860000610351562,21.71500015258789,21.775999069213867,12
SI=F,Silver,10/11/2023,21.957000732421875,21.957000732421875,21.957000732421875,21.957000732421875,3
SI=F,Silver,10/12/2023,22.06999969482422,22.19499969482422,21.79199981689453,21.79199981689453,20
SI=F,Silver,10/13/2023,22.475000381469727,22.726999282836914,22.475000381469727,22.726999282836914,13
SI=F,Silver,10/16/2023,22.604999542236328,22.610000610351562,22.604999542236328,22.610000610351562,2
SI=F,Silver,10/17/2023,22.700000762939453,22.863000869750977,22.649999618530273,22.863000869750977,22
SI=F,Silver,10/18/2023,22.790000915527344,22.944000244140625,22.764999389648438,22.944000244140625,8
SI=F,Silver,10/19/2023,22.770000457763672,22.886999130249023,22.770000457763672,22.886999130249023,9
SI=F,Silver,10/20/2023,23.559999465942383,23.62999916,23.35099983215332,23.35099983215332,9
